id,full_name,employee_id,department,region,education,gender,recruitment_channel,no_of_trainings,age,previous_year_rating,length_of_service,KPIs_met >80%,awards_won?,avg_training_score,is_promoted
1,Avery Brown,65438,Sales & Marketing,region_7,Master's & above,f,sourcing,1,35,5,8,1,0,49,0
2,Riley Jones,65141,Operations,region_22,Bachelor's,m,other,1,30,5,4,0,0,60,0
3,Avery Martinez,7513,Sales & Marketing,region_19,Bachelor's,m,sourcing,1,34,3,7,0,0,50,0
4,Jordan Miller,2542,Sales & Marketing,region_23,Bachelor's,m,other,2,39,1,10,0,0,50,0
5,Riley Jones,48945,Technology,region_26,Bachelor's,m,other,1,45,3,2,0,0,73,0
6,Taylor Davis,58896,Analytics,region_2,Bachelor's,m,sourcing,2,31,3,7,0,0,85,0
7,Riley Williams,20379,Operations,region_20,Bachelor's,f,other,1,31,3,5,0,0,59,0
8,Casey Jones,16290,Operations,region_34,Master's & above,m,sourcing,1,33,3,6,0,0,63,0
9,Jamie Davis,73202,Analytics,region_20,Bachelor's,m,other,1,28,4,5,0,0,83,0
10,Casey Johnson,28911,Sales & Marketing,region_1,Master's & above,m,sourcing,1,32,5,5,1,0,54,0
11,Morgan Smith,29934,Technology,region_23,,m,sourcing,1,30,,1,0,0,77,0
12,Quinn Garcia,49017,Sales & Marketing,region_7,Bachelor's,f,sourcing,1,35,5,3,1,0,50,1
13,Peyton Smith,60051,Sales & Marketing,region_4,Bachelor's,m,sourcing,1,49,5,5,1,0,49,0
14,Quinn Williams,38401,Technology,region_29,Master's & above,m,other,2,39,3,16,0,0,80,0
15,Avery Brown,77040,R&D,region_2,Master's & above,m,sourcing,1,37,3,7,0,0,84,0
16,Peyton Williams,43931,Operations,region_7,Bachelor's,m,other,1,37,1,10,0,0,60,0
17,Morgan Williams,7152,Technology,region_2,Bachelor's,m,other,1,38,3,5,1,0,77,0
18,Avery Jones,9403,Sales & Marketing,region_31,Bachelor's,m,other,1,34,1,4,0,0,51,0
19,Peyton Miller,17436,Sales & Marketing,region_31,Bachelor's,m,other,1,34,5,8,1,0,46,0
20,Jamie Brown,54461,Operations,region_15,Bachelor's,m,other,1,37,3,9,0,0,59,0
21,Peyton Johnson,12067,Procurement,region_14,Bachelor's,m,other,1,35,3,7,0,0,75,0
22,Quinn Rodriguez,33332,Operations,region_15,,m,sourcing,1,41,4,11,0,0,57,0
23,Quinn Jones,58789,Finance,region_11,Bachelor's,f,other,1,28,3,4,0,0,63,0
24,Jamie Brown,71177,Procurement,region_5,Bachelor's,m,other,1,27,,1,0,0,70,0
25,Avery Davis,52057,Finance,region_22,Master's & above,m,sourcing,2,39,5,7,0,0,59,0
26,Jordan Smith,26585,Technology,region_22,Bachelor's,m,other,1,27,5,3,1,0,83,0
27,Taylor Johnson,37749,Procurement,region_26,Bachelor's,m,other,1,31,5,4,1,0,68,0
28,Riley Brown,2370,Technology,region_26,Bachelor's,m,other,1,33,4,4,0,0,79,0
29,Jamie Garcia,8219,Analytics,region_5,Bachelor's,m,other,1,29,5,3,1,0,80,0
30,Casey Martinez,74759,Sales & Marketing,region_4,Bachelor's,m,sourcing,1,26,,1,0,0,44,0
31,Taylor Garcia,27395,Procurement,region_15,Bachelor's,m,sourcing,1,37,5,10,1,0,72,0
32,Jamie Martinez,58536,Finance,region_31,Bachelor's,m,other,2,26,1,2,0,0,61,0
33,Jamie Martinez,35465,Sales & Marketing,region_7,,f,sourcing,1,24,1,2,0,0,48,0
34,Taylor Davis,51756,Operations,region_2,Bachelor's,m,sourcing,2,57,4,6,0,0,58,0
35,Avery Rodriguez,57011,Analytics,region_22,Bachelor's,m,other,2,27,5,3,1,0,87,0
36,Riley Jones,77064,Sales & Marketing,region_22,Bachelor's,m,other,1,40,2,4,1,0,47,0
37,Jamie Jones,64062,Technology,region_28,Bachelor's,m,sourcing,1,33,4,4,1,0,75,0
38,Riley Martinez,47123,Sales & Marketing,region_7,Bachelor's,f,sourcing,1,40,5,3,0,0,47,0
39,Peyton Rodriguez,56275,Sales & Marketing,region_1,Master's & above,m,other,1,42,5,5,1,0,51,0
40,Alex Rodriguez,58304,Sales & Marketing,region_28,Bachelor's,m,sourcing,1,33,5,6,1,0,51,1
41,Avery Rodriguez,25014,Technology,region_15,Bachelor's,m,other,1,34,3,10,0,0,80,0
42,Riley Smith,40097,Operations,region_2,Bachelor's,f,other,2,23,4,2,1,0,57,0
43,Riley Davis,23560,HR,region_2,Bachelor's,m,sourcing,1,59,4,26,1,0,52,0
44,Jordan Smith,17423,Sales & Marketing,region_2,,m,other,3,24,2,2,0,0,48,0
45,Riley Williams,61758,Analytics,region_2,Bachelor's,m,other,1,44,5,12,0,0,88,0
46,Jordan Smith,75009,Procurement,region_17,Bachelor's,f,sourcing,1,50,5,11,0,0,71,0
47,Morgan Martinez,17876,Procurement,region_13,Master's & above,f,other,1,37,4,4,0,0,71,0
48,Avery Martinez,36924,Technology,region_16,Bachelor's,m,sourcing,1,40,3,11,0,0,80,0
49,Peyton Miller,50408,Sales & Marketing,region_20,Bachelor's,m,sourcing,1,30,3,3,1,0,49,0
50,Peyton Davis,18013,Procurement,region_2,Master's & above,f,sourcing,1,56,3,12,0,0,73,0
51,Jamie Smith,24104,Finance,region_2,Bachelor's,m,sourcing,1,20,4,2,1,0,60,0
52,Avery Miller,32083,Sales & Marketing,region_25,Bachelor's,f,sourcing,1,31,3,8,0,0,48,0
53,Riley Jones,38330,Procurement,region_15,Bachelor's,m,sourcing,1,40,3,12,1,0,65,0
54,Jordan Davis,33690,HR,region_22,Bachelor's,m,other,1,30,1,6,0,0,50,0
55,Casey Williams,73161,Operations,region_22,Bachelor's,m,other,1,39,3,5,1,0,62,0
56,Alex Williams,13596,Analytics,region_31,Bachelor's,m,other,2,26,2,2,0,0,85,0
57,Morgan Williams,45709,Sales & Marketing,region_31,Bachelor's,f,other,1,29,,1,0,0,49,0
58,Alex Jones,32709,R&D,region_22,Master's & above,m,sourcing,1,40,3,5,1,0,84,0
59,Quinn Miller,26599,Sales & Marketing,region_16,Bachelor's,m,other,2,27,,1,1,0,47,0
60,Avery Rodriguez,32656,Sales & Marketing,region_19,Bachelor's,m,other,1,40,4,7,0,0,52,0
61,Quinn Martinez,17673,Sales & Marketing,region_4,Master's & above,m,other,1,50,4,17,1,0,47,1
62,Jordan Miller,3113,Sales & Marketing,region_29,Bachelor's,m,sourcing,1,25,3,3,0,0,53,0
63,Alex Brown,9150,Analytics,region_22,Bachelor's,f,other,1,28,,1,1,0,80,0
64,Taylor Jones,14107,Sales & Marketing,region_1,Master's & above,m,sourcing,1,35,4,2,1,0,52,0
65,Avery Miller,58747,R&D,region_26,Bachelor's,m,other,1,34,5,5,0,0,87,0
66,Taylor Miller,3342,Operations,region_13,Master's & above,f,sourcing,1,31,3,3,1,0,58,0
67,Jordan Garcia,77981,Finance,region_22,Bachelor's,m,other,1,27,,1,1,1,58,1
68,Jamie Martinez,16502,Sales & Marketing,region_22,Bachelor's,m,sourcing,1,27,,1,0,0,61,1
69,Peyton Jones,73729,Procurement,region_10,Bachelor's,m,other,1,30,4,6,1,0,75,0
70,Casey Brown,45624,Analytics,region_31,Bachelor's,m,other,1,30,3,7,1,0,84,1
71,Quinn Miller,75677,Operations,region_22,Bachelor's,f,other,1,50,5,5,1,0,59,0
72,Peyton Miller,24040,Technology,region_22,Master's & above,m,other,1,34,5,7,1,0,78,1
73,Alex Smith,68082,Sales & Marketing,region_2,Master's & above,f,sourcing,1,41,1,12,0,0,52,0
74,Peyton Rodriguez,51786,Sales & Marketing,region_16,Bachelor's,m,sourcing,1,32,4,6,0,0,44,0
75,Taylor Rodriguez,77577,Sales & Marketing,region_7,Bachelor's,m,other,1,50,3,14,0,0,52,0
76,Jordan Miller,54782,Sales & Marketing,region_2,Master's & above,m,sourcing,1,38,4,2,1,0,49,1
77,Casey Davis,52368,Sales & Marketing,region_27,Bachelor's,m,sourcing,2,29,1,5,0,0,51,0
78,Peyton Jones,75103,Sales & Marketing,region_30,Bachelor's,m,sourcing,1,35,4,3,1,0,53,0
79,Alex Williams,7520,Analytics,region_2,Bachelor's,m,other,1,25,3,2,1,0,91,0
80,Quinn Davis,59147,Sales & Marketing,region_22,Bachelor's,m,sourcing,1,30,3,3,0,0,58,1
81,Casey Davis,53092,Technology,region_2,Bachelor's,m,referred,1,47,3,7,0,0,79,0
82,Peyton Brown,34564,Operations,region_4,Master's & above,m,sourcing,1,35,2,7,0,0,53,0
83,Alex Smith,66013,Sales & Marketing,region_2,,m,sourcing,2,25,3,2,0,0,53,0
84,Quinn Brown,77135,R&D,region_22,Bachelor's,m,other,1,36,4,8,0,0,82,0
85,Avery Johnson,44575,Legal,region_7,Bachelor's,m,other,1,29,,1,0,0,65,1
86,Jordan Smith,47498,Operations,region_11,Master's & above,f,sourcing,1,42,5,11,1,0,60,1
87,Morgan Smith,20798,HR,region_20,Bachelor's,f,sourcing,1,28,2,6,0,0,52,0
88,Riley Smith,69094,Sales & Marketing,region_2,,m,sourcing,1,39,1,9,0,0,49,0
89,Alex Johnson,22261,Procurement,region_7,Master's & above,m,sourcing,1,32,5,3,1,0,69,1
90,Jamie Garcia,9589,Sales & Marketing,region_31,Bachelor's,f,other,1,31,,1,0,0,51,0
91,Avery Jones,62658,Sales & Marketing,region_2,,f,sourcing,1,20,,1,0,0,55,0
92,Alex Smith,21628,Analytics,region_12,Bachelor's,m,other,1,34,3,8,0,0,85,0
93,Jordan Johnson,68484,Procurement,region_2,Master's & above,m,sourcing,2,46,4,3,1,0,74,0
94,Morgan Martinez,44523,HR,region_2,Master's & above,m,other,1,47,3,7,0,0,44,0
95,Casey Miller,35420,Operations,region_2,Bachelor's,f,other,1,44,4,13,0,0,53,0
96,Taylor Miller,43923,Analytics,region_14,Bachelor's,m,sourcing,1,31,4,4,1,0,86,0
97,Riley Smith,64109,Technology,region_26,Bachelor's,f,sourcing,1,23,,1,0,0,77,0
98,Casey Davis,41983,Operations,region_2,Bachelor's,f,sourcing,1,33,3,5,0,0,57,0
99,Morgan Brown,21440,Sales & Marketing,region_31,Bachelor's,m,other,1,41,3,12,1,0,52,0
100,Jamie Garcia,51256,Finance,region_2,Master's & above,m,other,1,60,5,17,0,0,59,0
101,Casey Smith,66635,Operations,region_15,Bachelor's,m,other,1,31,5,4,1,0,63,1
102,Peyton Garcia,16027,Operations,region_26,Bachelor's,f,other,1,37,3,11,0,0,57,0
103,Jordan Brown,46020,Analytics,region_7,Bachelor's,m,sourcing,2,39,3,4,1,0,83,0
104,Taylor Williams,28509,Sales & Marketing,region_7,Bachelor's,m,other,1,40,5,8,1,0,54,0
105,Quinn Williams,33587,Sales & Marketing,region_28,Master's & above,m,sourcing,1,42,5,4,0,0,50,0
106,Jordan Brown,21387,Operations,region_13,Bachelor's,m,other,1,35,4,6,1,0,57,1
107,Avery Brown,55927,Operations,region_13,Master's & above,f,sourcing,1,41,4,6,1,0,62,0
108,Peyton Smith,60763,Procurement,region_2,Bachelor's,f,other,1,23,3,2,0,0,73,0
109,Riley Miller,53167,Sales & Marketing,region_16,Bachelor's,m,sourcing,2,31,3,4,0,0,50,0
110,Jamie Davis,32672,Analytics,region_22,Master's & above,m,other,1,42,2,19,0,0,79,0
111,Alex Rodriguez,48785,Sales & Marketing,region_22,Bachelor's,m,other,3,29,4,2,0,0,49,0
112,Peyton Johnson,51444,HR,region_13,Bachelor's,f,other,1,30,,1,1,0,54,0
113,Avery Martinez,75778,Operations,region_2,Bachelor's,m,sourcing,1,41,4,6,1,0,63,0
114,Jordan Miller,14141,Sales & Marketing,region_7,Bachelor's,f,other,1,40,3,2,1,0,90,1
115,Quinn Rodriguez,17894,Sales & Marketing,region_2,Bachelor's,m,referred,1,34,5,5,0,0,49,0
116,Taylor Smith,54380,Sales & Marketing,region_4,Bachelor's,f,other,1,31,4,2,0,0,46,0
117,Jamie Smith,51892,Technology,region_2,Bachelor's,m,other,1,27,5,2,0,0,86,1
118,Morgan Jones,3625,Procurement,region_21,Bachelor's,m,sourcing,4,30,3,2,0,0,72,0
119,Avery Rodriguez,38771,Procurement,region_23,Bachelor's,f,other,1,27,4,4,1,0,72,1
120,Peyton Williams,18959,Technology,region_15,Bachelor's,m,other,4,36,4,7,0,0,82,0
121,Jordan Williams,21137,Technology,region_2,Bachelor's,m,sourcing,1,35,4,6,0,0,77,0
122,Taylor Davis,26097,Sales & Marketing,region_25,Master's & above,m,other,1,34,5,7,1,0,51,1
123,Casey Davis,38052,Procurement,region_34,Master's & above,m,sourcing,1,37,5,3,0,1,92,1
124,Alex Davis,41746,Operations,region_22,Bachelor's,f,sourcing,1,27,,1,1,0,58,0
125,Taylor Smith,72744,Procurement,region_2,Master's & above,m,sourcing,2,47,3,5,1,0,71,0
126,Riley Brown,5461,Analytics,region_8,Bachelor's,m,other,1,28,,1,1,0,83,0
127,Casey Davis,15227,Procurement,region_27,Master's & above,f,other,1,40,5,5,0,0,68,0
128,Taylor Williams,66874,Sales & Marketing,region_27,Bachelor's,f,other,1,30,,1,0,0,50,0
129,Peyton Williams,42068,Operations,region_1,Master's & above,m,other,1,38,5,9,1,0,61,0
130,Peyton Johnson,54825,Sales & Marketing,region_25,Bachelor's,m,other,1,30,3,2,0,0,47,0
131,Jamie Johnson,77709,Sales & Marketing,region_11,Bachelor's,f,sourcing,1,28,5,3,0,0,46,0
132,Casey Williams,43712,Procurement,region_22,Bachelor's,m,sourcing,2,28,5,4,1,0,67,0
133,Peyton Brown,74783,Operations,region_29,Bachelor's,m,sourcing,1,35,4,7,0,0,58,0
134,Alex Brown,19318,Analytics,region_22,Bachelor's,m,other,1,32,3,8,0,0,89,1
135,Alex Jones,12096,Sales & Marketing,region_26,Master's & above,m,sourcing,1,36,5,8,0,0,50,0
136,Taylor Davis,5102,Operations,region_7,Bachelor's,m,sourcing,1,24,,1,1,0,56,0
137,Riley Miller,29521,Technology,region_15,Bachelor's,m,other,1,27,3,4,1,0,78,0
138,Jordan Smith,36371,Finance,region_28,Master's & above,m,other,2,34,3,7,0,0,56,0
139,Alex Williams,51164,Technology,region_14,Bachelor's,f,other,1,31,4,4,1,1,78,0
140,Casey Miller,17812,Technology,region_27,Bachelor's,f,sourcing,1,30,4,2,0,0,77,0
141,Casey Garcia,7606,Technology,region_29,Bachelor's,f,other,2,30,3,7,1,1,76,0
142,Casey Williams,50593,Finance,region_23,Bachelor's,m,sourcing,1,31,,1,1,0,56,0
143,Casey Davis,73735,Analytics,region_25,Bachelor's,m,other,1,30,5,3,1,0,84,0
144,Jamie Jones,29313,Finance,region_22,Bachelor's,m,sourcing,1,28,3,2,0,0,57,0
145,Alex Smith,40262,Technology,region_2,Bachelor's,m,other,2,28,3,5,0,0,81,0
146,Morgan Williams,36904,Sales & Marketing,region_15,Bachelor's,m,other,1,29,3,2,0,0,51,0
147,Taylor Williams,62552,Sales & Marketing,region_22,Master's & above,m,sourcing,1,46,3,11,1,0,51,0
148,Alex Smith,63285,Technology,region_29,Bachelor's,m,sourcing,1,31,5,4,1,0,80,0
149,Morgan Garcia,74203,Procurement,region_5,Bachelor's,m,sourcing,1,28,1,4,0,0,72,0
150,Jordan Rodriguez,75344,Sales & Marketing,region_4,Master's & above,m,other,1,31,4,6,0,0,50,0
151,Morgan Davis,74018,HR,region_7,Master's & above,f,other,1,37,3,9,0,0,48,0
152,Alex Jones,34985,Technology,region_5,Bachelor's,f,other,2,34,5,8,0,0,88,1
153,Jordan Smith,35930,Procurement,region_2,Bachelor's,m,sourcing,1,25,5,3,1,0,70,1
154,Taylor Jones,6708,Operations,region_22,Master's & above,m,sourcing,1,40,4,4,1,0,57,0
155,Avery Smith,5515,Operations,region_13,Master's & above,m,other,1,43,3,7,1,0,56,1
156,Jordan Johnson,53373,Operations,region_13,Bachelor's,m,other,1,36,1,5,0,0,56,0
157,Peyton Martinez,69316,Legal,region_29,Bachelor's,m,sourcing,1,29,3,3,0,0,63,0
158,Casey Martinez,41009,Finance,region_13,Bachelor's,m,sourcing,2,35,3,2,0,0,56,0
159,Jordan Davis,50622,Analytics,region_25,Master's & above,m,other,1,34,5,2,0,0,84,0
160,Riley Johnson,30106,Sales & Marketing,region_16,Bachelor's,f,sourcing,1,32,4,4,1,0,45,0
161,Casey Miller,45157,HR,region_4,Bachelor's,m,other,1,27,,1,1,0,50,0
162,Jamie Martinez,23523,Technology,region_26,Bachelor's,m,sourcing,1,29,3,5,0,0,75,0
163,Jamie Martinez,74349,Sales & Marketing,region_5,Bachelor's,m,sourcing,1,34,1,4,0,0,48,0
164,Alex Davis,70543,Procurement,region_2,Master's & above,m,sourcing,1,37,5,7,1,0,70,0
165,Alex Rodriguez,42245,Procurement,region_22,Bachelor's,f,other,1,33,3,3,1,0,73,0
166,Casey Miller,34405,Procurement,region_2,Master's & above,f,other,1,33,5,4,1,0,67,0
167,Quinn Miller,4134,Sales & Marketing,region_16,Bachelor's,f,other,1,39,1,8,0,0,45,0
168,Quinn Williams,23599,Technology,region_23,Master's & above,m,other,1,34,4,7,0,0,82,0
169,Jamie Rodriguez,942,Technology,region_22,Bachelor's,m,other,2,32,4,6,0,0,84,0
170,Riley Martinez,5281,Sales & Marketing,region_7,Master's & above,m,other,1,34,4,6,0,0,53,0
171,Avery Rodriguez,197,Finance,region_12,Bachelor's,m,other,1,29,5,6,1,0,61,0
172,Taylor Brown,37574,Sales & Marketing,region_2,Bachelor's,m,sourcing,2,28,1,2,0,0,50,0
173,Alex Davis,26773,Technology,region_7,Bachelor's,f,other,1,28,2,5,0,0,75,0
174,Jordan Miller,70034,Procurement,region_2,Master's & above,f,other,2,35,3,9,0,0,70,0
175,Jamie Johnson,40565,Technology,region_2,Bachelor's,f,other,2,40,3,3,0,0,86,0
176,Avery Garcia,17193,Sales & Marketing,region_2,Bachelor's,f,other,2,27,2,4,0,0,54,0
177,Jordan Rodriguez,76550,Procurement,region_22,Bachelor's,f,other,3,26,3,3,1,0,70,0
178,Quinn Garcia,53841,Operations,region_2,Bachelor's,m,sourcing,1,43,2,12,0,0,57,0
179,Quinn Martinez,28314,Finance,region_26,Bachelor's,m,other,1,23,,1,0,0,61,0
180,Casey Smith,30196,Analytics,region_25,Bachelor's,m,sourcing,1,29,5,6,1,0,84,0
181,Taylor Martinez,29757,Sales & Marketing,region_14,Bachelor's,m,sourcing,1,43,3,15,0,0,51,0
182,Casey Garcia,6073,Sales & Marketing,region_2,Bachelor's,m,sourcing,3,27,4,4,0,0,49,0
183,Morgan Smith,9863,Procurement,region_27,Bachelor's,m,sourcing,1,26,4,4,1,0,70,0
184,Riley Jones,34306,Procurement,region_13,Bachelor's,f,other,1,31,5,5,1,0,72,0
185,Morgan Miller,34041,Operations,region_7,Bachelor's,m,other,1,40,4,11,0,0,58,0
186,Taylor Garcia,21356,Operations,region_15,Bachelor's,f,other,2,39,5,12,1,0,55,0
187,Taylor Williams,29540,Operations,region_2,Bachelor's,f,other,2,30,3,6,0,0,57,0
188,Avery Davis,51669,Technology,region_2,Master's & above,m,other,1,47,4,4,1,0,77,0
189,Taylor Johnson,33825,Sales & Marketing,region_17,Bachelor's,m,other,1,34,4,7,1,0,48,1
190,Quinn Williams,6254,Operations,region_2,,f,other,1,33,4,9,0,0,64,0
191,Alex Davis,11645,Sales & Marketing,region_23,Master's & above,m,other,1,41,5,7,0,0,51,0
192,Jordan Martinez,3231,Technology,region_7,Bachelor's,m,other,1,29,1,4,0,0,80,0
193,Avery Martinez,7030,Analytics,region_31,Bachelor's,f,other,1,32,3,4,0,0,86,0
194,Morgan Martinez,54198,Procurement,region_7,Master's & above,f,other,1,47,5,9,0,0,68,0
195,Morgan Miller,62293,Operations,region_27,Bachelor's,m,other,1,35,4,3,0,0,65,0
196,Peyton Jones,25312,Technology,region_22,Bachelor's,m,other,1,27,4,2,0,0,75,0
197,Alex Martinez,75610,Analytics,region_32,Bachelor's,m,other,1,29,1,3,0,0,81,0
198,Quinn Smith,16518,Sales & Marketing,region_20,Bachelor's,m,sourcing,2,36,3,9,0,0,49,0
199,Jamie Garcia,42747,Sales & Marketing,region_15,Bachelor's,m,other,2,35,1,8,0,0,39,0
200,Peyton Davis,67980,Procurement,region_2,Bachelor's,f,sourcing,2,34,3,2,0,0,70,0
201,Morgan Smith,53630,Sales & Marketing,region_23,Master's & above,f,sourcing,1,34,4,5,1,1,94,1
202,Avery Jones,72423,Operations,region_2,Master's & above,m,sourcing,1,39,3,2,1,0,60,0
203,Casey Miller,73022,Sales & Marketing,region_25,Bachelor's,m,other,1,26,5,2,1,0,51,0
204,Jordan Martinez,63976,Operations,region_31,Bachelor's,f,sourcing,1,30,5,4,0,0,56,0
205,Jordan Jones,60761,Operations,region_16,,f,other,1,31,4,2,0,0,62,0
206,Casey Rodriguez,57228,HR,region_2,Master's & above,m,sourcing,1,44,5,6,0,0,48,0
207,Morgan Smith,14912,Sales & Marketing,region_1,Bachelor's,m,other,1,38,3,4,1,0,49,0
208,Taylor Jones,22725,Technology,region_26,Bachelor's,m,other,1,40,1,3,0,0,78,0
209,Quinn Martinez,18981,Legal,region_2,Master's & above,m,sourcing,1,50,5,6,0,1,58,0
210,Morgan Miller,50845,Procurement,region_19,Master's & above,m,other,1,44,3,12,0,0,70,0
211,Taylor Smith,11800,Procurement,region_2,Below Secondary,f,other,1,23,1,2,0,0,69,0
212,Morgan Miller,16351,Sales & Marketing,region_7,Master's & above,f,sourcing,1,36,1,2,0,0,53,0
213,Quinn Martinez,75881,Analytics,region_27,Bachelor's,m,sourcing,1,25,1,4,0,0,80,0
214,Casey Jones,73200,Operations,region_28,Bachelor's,m,sourcing,1,34,5,4,1,0,58,0
215,Taylor Johnson,17833,Analytics,region_4,Bachelor's,m,sourcing,1,28,,1,0,0,85,0
216,Taylor Martinez,58338,Analytics,region_1,Bachelor's,m,other,2,30,5,6,1,0,81,0
217,Quinn Williams,40187,Procurement,region_12,Bachelor's,m,sourcing,1,35,1,8,0,0,67,0
218,Quinn Smith,70193,Analytics,region_6,Bachelor's,m,sourcing,1,33,4,8,0,0,86,0
219,Riley Jones,27188,Analytics,region_13,Master's & above,m,other,1,30,3,4,1,0,80,0
220,Taylor Davis,24291,Analytics,region_26,Bachelor's,m,other,2,27,5,3,1,0,85,0
221,Avery Johnson,43676,Procurement,region_2,Bachelor's,m,other,4,29,,1,0,0,68,0
222,Alex Brown,52231,Operations,region_2,Bachelor's,m,sourcing,1,43,3,3,0,0,58,0
223,Riley Johnson,34241,Analytics,region_22,Bachelor's,m,other,2,28,3,5,1,0,86,0
224,Jordan Smith,76661,Procurement,region_17,Bachelor's,m,other,1,31,5,3,1,0,68,0
225,Alex Williams,50595,Operations,region_2,Bachelor's,f,other,1,43,4,12,0,0,58,0
226,Morgan Williams,67673,Operations,region_4,Bachelor's,f,other,1,35,5,9,1,0,60,0
227,Alex Smith,10547,Sales & Marketing,region_5,Bachelor's,m,other,2,35,3,9,0,0,49,0
228,Riley Martinez,73405,Operations,region_2,Master's & above,m,other,1,50,3,8,1,0,59,0
229,Jamie Williams,73114,HR,region_17,Bachelor's,f,other,1,26,4,3,0,0,50,0
230,Jamie Williams,22572,Sales & Marketing,region_27,Bachelor's,m,sourcing,1,32,3,5,1,0,52,0
231,Avery Smith,62923,Operations,region_13,Master's & above,f,other,1,38,5,2,1,1,93,1
232,Quinn Davis,57235,Sales & Marketing,region_26,,m,other,1,22,4,2,0,0,51,0
233,Quinn Martinez,22300,HR,region_20,Bachelor's,m,other,1,28,,1,1,0,52,0
234,Quinn Johnson,24090,Procurement,region_14,Bachelor's,f,sourcing,1,37,3,9,0,0,69,0
235,Jordan Rodriguez,57298,Analytics,region_2,Bachelor's,m,sourcing,2,54,3,9,1,0,86,0
236,Avery Brown,25629,Sales & Marketing,region_11,Bachelor's,m,sourcing,1,36,3,8,0,0,51,0
237,Quinn Jones,71339,Technology,region_6,Bachelor's,m,other,1,35,3,8,0,0,78,0
238,Jamie Davis,54714,Analytics,region_29,Bachelor's,m,other,1,39,3,4,1,0,85,0
239,Taylor Rodriguez,7390,Operations,region_12,Bachelor's,f,sourcing,1,31,5,4,1,0,63,0
240,Morgan Rodriguez,9563,Operations,region_31,Bachelor's,m,other,2,38,3,7,1,1,60,0
241,Taylor Martinez,39107,Sales & Marketing,region_22,Bachelor's,m,sourcing,1,28,1,2,0,0,48,0
242,Morgan Rodriguez,19445,Sales & Marketing,region_7,Bachelor's,m,sourcing,3,26,2,3,0,0,52,0
243,Riley Williams,42636,Sales & Marketing,region_26,Bachelor's,m,sourcing,1,29,,1,0,0,54,0
244,Alex Williams,32557,Analytics,region_20,Bachelor's,m,sourcing,1,30,3,4,0,0,84,0
245,Taylor Johnson,43396,Operations,region_22,Bachelor's,m,sourcing,2,37,2,4,1,0,57,1
246,Alex Miller,24414,R&D,region_2,,m,other,1,25,,1,1,0,76,0
247,Riley Miller,63237,Technology,region_22,Bachelor's,m,referred,1,26,4,2,0,0,82,0
248,Morgan Smith,32838,Technology,region_7,Bachelor's,m,other,1,31,4,4,0,0,78,0
249,Avery Miller,23003,Technology,region_14,Bachelor's,f,other,1,38,5,7,1,0,82,0
250,Peyton Williams,45198,Sales & Marketing,region_13,Bachelor's,m,other,1,39,4,9,0,0,49,0
251,Peyton Smith,40376,Sales & Marketing,region_4,Bachelor's,m,other,1,30,5,4,0,1,50,0
252,Alex Brown,60176,Procurement,region_15,Master's & above,f,other,1,34,5,8,1,0,67,0
253,Peyton Garcia,67652,Procurement,region_23,Master's & above,f,other,1,33,3,5,1,0,72,0
254,Jordan Smith,15476,Technology,region_2,Bachelor's,f,other,1,29,5,3,1,0,78,0
255,Taylor Rodriguez,55811,Operations,region_2,Bachelor's,m,sourcing,1,28,4,2,1,0,61,0
256,Jordan Rodriguez,15737,Finance,region_22,Bachelor's,m,sourcing,1,24,,1,0,0,56,0
257,Avery Brown,10058,Analytics,region_22,Bachelor's,m,other,2,26,4,2,1,0,87,0
258,Jordan Martinez,73435,Legal,region_22,Bachelor's,m,sourcing,1,34,5,4,0,0,64,0
259,Morgan Jones,51255,Sales & Marketing,region_27,Bachelor's,m,sourcing,1,35,3,7,0,0,46,0
260,Jordan Rodriguez,70060,Technology,region_13,Master's & above,m,other,1,43,3,14,0,0,79,0
261,Taylor Jones,51473,Sales & Marketing,region_15,Bachelor's,m,other,1,34,1,8,0,0,39,0
262,Taylor Jones,71904,Technology,region_7,Master's & above,f,other,2,38,3,10,0,0,88,0
263,Avery Rodriguez,76080,Operations,region_7,Bachelor's,f,other,1,34,1,5,0,0,54,0
264,Avery Jones,33357,Operations,region_22,Bachelor's,m,sourcing,1,41,4,4,0,0,63,0
265,Quinn Martinez,53502,Finance,region_7,Bachelor's,m,sourcing,2,29,1,4,0,0,61,0
266,Avery Martinez,26409,Operations,region_2,Bachelor's,m,other,1,33,4,3,0,0,61,0
267,Morgan Williams,59608,Sales & Marketing,region_2,Master's & above,f,other,1,41,4,5,1,0,48,0
268,Avery Johnson,28687,Operations,region_2,Master's & above,m,other,3,38,3,11,0,0,57,0
269,Peyton Martinez,34312,Procurement,region_2,Master's & above,f,other,2,54,4,23,0,0,66,0
270,Quinn Smith,11438,Sales & Marketing,region_13,Master's & above,f,sourcing,2,34,2,8,0,0,49,0
271,Casey Miller,11794,R&D,region_2,Bachelor's,m,other,2,26,5,3,1,0,87,0
272,Riley Martinez,48756,Operations,region_7,Bachelor's,f,sourcing,1,35,5,3,0,0,59,0
273,Peyton Johnson,35873,Legal,region_2,Below Secondary,m,other,1,28,,1,0,0,62,0
274,Quinn Johnson,13970,Operations,region_33,Master's & above,m,other,1,36,3,4,0,0,60,0
275,Morgan Jones,49868,Technology,region_5,Bachelor's,m,other,1,45,3,15,0,0,87,0
276,Casey Williams,25261,Procurement,region_7,Master's & above,m,other,1,38,4,7,0,0,66,0
277,Riley Smith,44536,Sales & Marketing,region_27,Bachelor's,f,other,1,26,2,4,0,0,47,0
278,Casey Brown,55550,Analytics,region_27,,m,sourcing,1,31,3,4,0,0,85,0
279,Alex Miller,27989,Analytics,region_34,Bachelor's,m,sourcing,1,32,3,7,0,0,87,0
280,Peyton Brown,12598,Analytics,region_6,Bachelor's,m,sourcing,1,29,4,4,0,0,78,0
281,Taylor Garcia,32877,Sales & Marketing,region_2,Bachelor's,f,other,1,40,3,12,0,0,50,0
282,Jordan Garcia,30682,Technology,region_2,Bachelor's,m,referred,2,29,4,6,0,0,75,0
283,Avery Martinez,1829,Analytics,region_28,Bachelor's,m,other,2,31,5,7,1,0,87,0
284,Quinn Williams,2177,Finance,region_16,Bachelor's,m,other,1,32,5,6,1,0,58,0
285,Avery Williams,51771,Operations,region_17,Bachelor's,m,other,1,42,5,11,0,0,67,0
286,Jamie Martinez,26026,Procurement,region_15,Bachelor's,f,sourcing,1,30,5,3,1,0,65,0
287,Taylor Davis,64977,Procurement,region_16,Bachelor's,f,other,1,24,3,2,1,0,70,0
288,Peyton Miller,44585,Sales & Marketing,region_30,Bachelor's,m,sourcing,1,35,3,7,0,0,56,0
289,Alex Williams,43562,Technology,region_5,Bachelor's,f,sourcing,2,32,1,3,0,0,80,0
290,Peyton Smith,56287,HR,region_2,Bachelor's,f,sourcing,1,22,3,2,0,0,47,0
291,Peyton Davis,19100,Sales & Marketing,region_2,Bachelor's,m,sourcing,2,44,5,14,0,0,48,0
292,Alex Garcia,58203,Operations,region_16,Bachelor's,m,other,2,39,3,9,0,0,58,0
293,Morgan Garcia,12504,Technology,region_7,Bachelor's,f,other,1,46,4,17,0,0,85,0
294,Quinn Jones,49126,Technology,region_15,Bachelor's,m,other,1,29,2,5,0,0,77,0
295,Casey Jones,66469,Finance,region_7,Bachelor's,m,other,1,26,1,3,0,0,59,0
296,Morgan Brown,53350,Operations,region_23,Bachelor's,m,other,1,35,4,5,0,0,61,0
297,Jordan Williams,22031,Procurement,region_2,Bachelor's,f,other,1,29,4,2,1,0,95,1
298,Taylor Rodriguez,36185,Technology,region_13,Bachelor's,m,sourcing,1,30,2,9,0,0,79,0
299,Jamie Rodriguez,58415,Sales & Marketing,region_7,Bachelor's,m,other,1,45,4,5,0,0,50,0
300,Alex Smith,71763,Sales & Marketing,region_15,Bachelor's,f,other,1,30,1,6,0,0,47,0
301,Morgan Garcia,62742,Finance,region_32,Bachelor's,m,sourcing,1,28,2,4,0,0,59,0
302,Casey Williams,33619,Technology,region_2,Master's & above,m,sourcing,1,46,5,10,1,0,76,0
303,Avery Rodriguez,41212,Procurement,region_7,Bachelor's,m,sourcing,1,27,2,2,0,0,69,0
304,Quinn Davis,40204,Sales & Marketing,region_11,Bachelor's,m,sourcing,1,34,2,5,0,0,47,0
305,Casey Davis,59131,Analytics,region_19,Bachelor's,m,sourcing,2,32,5,3,1,0,86,0
306,Morgan Davis,12559,Operations,region_22,Bachelor's,f,other,1,35,5,10,0,0,63,0
307,Quinn Brown,30433,Procurement,region_27,Bachelor's,m,other,1,36,4,3,1,0,66,0
308,Quinn Davis,13150,Procurement,region_2,Master's & above,f,other,1,58,1,13,0,0,70,0
309,Quinn Johnson,9616,Finance,region_31,Bachelor's,m,other,1,29,4,4,0,0,57,0
310,Morgan Rodriguez,26563,Procurement,region_2,Bachelor's,f,referred,1,33,3,3,1,0,67,0
311,Taylor Garcia,38331,Operations,region_16,Bachelor's,f,other,1,32,5,6,0,0,62,0
312,Alex Rodriguez,18651,Legal,region_22,Below Secondary,m,other,1,25,5,2,1,0,59,0
313,Alex Jones,45004,Procurement,region_13,Bachelor's,m,other,4,41,2,9,0,0,68,0
314,Taylor Williams,11892,Procurement,region_12,Bachelor's,f,other,1,25,,1,1,0,69,0
315,Casey Johnson,16859,Analytics,region_2,Master's & above,m,other,1,50,1,7,0,1,79,0
316,Jordan Jones,26107,Sales & Marketing,region_26,Bachelor's,m,other,1,30,1,7,0,0,53,0
317,Peyton Johnson,22511,Technology,region_24,Bachelor's,m,sourcing,1,28,,1,0,0,81,0
318,Quinn Davis,22865,Analytics,region_20,Master's & above,m,other,1,40,5,5,0,1,83,1
319,Jamie Jones,67467,Finance,region_2,Below Secondary,f,other,1,26,3,2,0,0,61,0
320,Avery Davis,2268,Technology,region_13,Bachelor's,m,other,1,35,5,8,1,0,81,0
321,Alex Garcia,33517,Sales & Marketing,region_7,Master's & above,m,other,1,37,3,7,1,0,52,0
322,Alex Johnson,27605,Operations,region_22,Master's & above,m,other,1,34,3,3,0,0,75,1
323,Alex Jones,69349,Operations,region_8,Bachelor's,m,sourcing,1,25,3,2,0,0,57,0
324,Quinn Rodriguez,45496,Sales & Marketing,region_2,,m,other,1,22,5,2,0,0,62,1
325,Casey Smith,66262,Procurement,region_2,Bachelor's,f,other,2,26,5,2,1,0,68,1
326,Alex Johnson,55425,Technology,region_2,Bachelor's,f,other,1,31,4,7,1,0,80,0
327,Peyton Williams,29543,Finance,region_2,Bachelor's,m,sourcing,4,31,5,3,1,0,60,0
328,Alex Jones,36547,Analytics,region_25,Bachelor's,m,sourcing,1,32,3,6,1,0,86,0
329,Avery Garcia,11205,Sales & Marketing,region_19,Bachelor's,m,sourcing,1,36,5,8,0,0,48,0
330,Alex Jones,469,Technology,region_2,Bachelor's,f,sourcing,1,57,3,19,0,0,81,0
331,Morgan Garcia,44703,Sales & Marketing,region_2,Bachelor's,f,sourcing,1,42,4,9,0,0,51,0
332,Jordan Jones,14847,Sales & Marketing,region_20,Bachelor's,m,other,1,28,3,3,0,0,48,0
333,Avery Jones,43689,Analytics,region_12,Bachelor's,m,sourcing,2,33,4,3,1,0,86,0
334,Morgan Jones,72157,Analytics,region_2,Bachelor's,m,sourcing,1,41,3,3,0,0,86,0
335,Quinn Martinez,74579,Operations,region_2,Below Secondary,m,other,2,26,,1,0,0,61,0
336,Jordan Smith,51544,Procurement,region_12,Bachelor's,f,other,1,32,5,5,0,1,84,1
337,Morgan Rodriguez,5128,Operations,region_2,,m,other,1,48,3,8,0,0,57,0
338,Alex Williams,37952,Operations,region_26,Master's & above,m,other,1,41,3,7,0,0,58,0
339,Taylor Smith,39914,Technology,region_2,Master's & above,m,other,1,31,5,4,1,0,82,0
340,Alex Davis,74332,Sales & Marketing,region_26,Bachelor's,m,other,1,37,4,5,0,0,54,0
341,Jamie Davis,42886,Analytics,region_29,Bachelor's,m,other,1,30,1,4,0,0,84,0
342,Avery Martinez,53988,Finance,region_2,Below Secondary,m,other,1,26,5,2,1,0,60,0
343,Quinn Johnson,49775,Sales & Marketing,region_13,Bachelor's,m,sourcing,1,44,5,11,0,0,42,0
344,Casey Garcia,66965,Operations,region_7,Bachelor's,f,sourcing,1,44,3,10,0,0,60,0
345,Jordan Johnson,70197,R&D,region_22,Master's & above,m,other,1,30,4,2,1,0,96,1
346,Alex Garcia,66210,Operations,region_22,Below Secondary,m,other,1,24,3,2,0,0,59,0
347,Morgan Rodriguez,71008,Sales & Marketing,region_27,Bachelor's,m,other,1,40,1,10,0,0,49,0
348,Alex Miller,52132,Technology,region_11,Master's & above,m,other,1,32,3,5,0,0,80,0
349,Morgan Jones,72604,Sales & Marketing,region_2,Bachelor's,m,sourcing,1,40,5,7,0,0,53,0
350,Jamie Williams,66802,Technology,region_7,Below Secondary,f,other,2,24,4,3,1,0,78,0
351,Avery Garcia,55730,Sales & Marketing,region_26,Bachelor's,m,other,1,45,4,15,0,0,64,1
352,Jamie Garcia,8284,Sales & Marketing,region_2,Bachelor's,f,other,1,34,5,5,0,0,60,1
353,Jamie Johnson,69715,Operations,region_2,,f,other,1,58,4,18,1,0,60,0
354,Jamie Williams,36117,Technology,region_24,Bachelor's,m,sourcing,1,35,3,7,0,0,82,0
355,Jamie Brown,56139,Sales & Marketing,region_16,,m,other,1,24,4,2,0,0,51,0
356,Peyton Garcia,15924,Sales & Marketing,region_23,Bachelor's,m,other,1,35,2,8,0,0,48,0
357,Alex Davis,41776,Technology,region_23,Bachelor's,m,sourcing,1,31,1,2,0,0,81,0
358,Avery Martinez,25949,Operations,region_29,Bachelor's,m,other,1,33,3,5,0,0,60,0
359,Jordan Smith,51509,HR,region_2,Master's & above,f,sourcing,1,44,3,14,0,0,47,0
360,Morgan Brown,36936,Sales & Marketing,region_28,,m,other,1,24,2,2,1,0,52,1
361,Quinn Davis,25572,Procurement,region_2,Bachelor's,m,other,2,34,2,10,0,0,69,0
362,Alex Martinez,11337,Sales & Marketing,region_22,Bachelor's,m,sourcing,1,37,5,2,0,0,54,0
363,Alex Brown,34965,Operations,region_26,Bachelor's,m,other,2,31,3,4,0,0,63,0
364,Riley Jones,38318,Procurement,region_19,Bachelor's,m,other,1,32,3,8,0,0,69,0
365,Jamie Garcia,60969,Operations,region_2,Bachelor's,f,other,1,33,5,7,1,0,57,0
366,Morgan Johnson,72765,Operations,region_2,,f,sourcing,1,53,3,11,0,0,57,0
367,Jordan Rodriguez,16951,Operations,region_22,Bachelor's,m,sourcing,2,37,5,4,1,0,57,0
368,Avery Miller,54416,Sales & Marketing,region_15,Bachelor's,m,sourcing,1,30,2,5,0,0,49,0
369,Casey Davis,4585,Analytics,region_15,Bachelor's,m,sourcing,1,35,5,3,1,0,81,0
370,Taylor Davis,64140,Technology,region_11,Bachelor's,m,sourcing,1,32,3,4,0,0,80,0
371,Taylor Davis,35746,Operations,region_15,Bachelor's,m,sourcing,1,45,3,9,0,0,61,0
372,Peyton Williams,6587,Procurement,region_13,Bachelor's,m,other,1,29,,1,0,0,69,0
373,Jordan Johnson,1901,Sales & Marketing,region_4,Bachelor's,m,sourcing,2,31,3,4,0,0,53,0
374,Quinn Williams,56849,Technology,region_15,Bachelor's,m,sourcing,2,34,3,8,0,0,80,0
375,Jordan Jones,56233,Analytics,region_22,Bachelor's,f,other,1,24,,1,1,0,86,0
376,Morgan Johnson,15844,Operations,region_3,Master's & above,f,other,1,31,5,7,1,0,59,0
377,Quinn Garcia,1497,Sales & Marketing,region_10,Master's & above,f,other,1,37,3,6,1,0,47,0
378,Morgan Garcia,11488,Sales & Marketing,region_7,Master's & above,m,other,1,42,3,12,0,0,48,0
379,Alex Jones,59616,Procurement,region_4,Master's & above,m,other,1,40,3,6,0,0,72,0
380,Peyton Martinez,9002,Operations,region_2,Bachelor's,m,sourcing,1,37,5,5,1,0,64,0
381,Jamie Smith,63753,Operations,region_22,Bachelor's,m,other,1,50,3,8,0,0,57,0
382,Quinn Rodriguez,9192,Operations,region_21,Bachelor's,m,other,1,28,,1,0,0,61,0
383,Quinn Rodriguez,30143,HR,region_2,Master's & above,f,referred,1,57,3,13,0,0,53,0
384,Peyton Garcia,23360,Sales & Marketing,region_28,Master's & above,m,other,2,42,2,10,0,0,46,0
385,Riley Smith,53301,Operations,region_2,Master's & above,m,sourcing,1,34,3,8,0,0,61,0
386,Quinn Brown,29073,Operations,region_2,Bachelor's,f,sourcing,1,34,5,8,1,0,54,0
387,Alex Davis,36460,Operations,region_13,Bachelor's,m,other,1,29,,1,0,0,62,0
388,Alex Williams,3171,Operations,region_4,Master's & above,f,referred,1,32,4,7,1,0,59,0
389,Taylor Davis,55062,Operations,region_7,Bachelor's,f,sourcing,1,27,5,2,0,0,61,0
390,Casey Martinez,64798,Analytics,region_22,Bachelor's,m,other,3,30,,1,1,0,83,0
391,Avery Davis,7908,Technology,region_33,Master's & above,m,other,1,46,3,17,0,0,83,0
392,Jamie Martinez,70048,Sales & Marketing,region_1,Master's & above,m,other,1,37,3,10,1,0,49,1
393,Riley Williams,63757,Sales & Marketing,region_2,Bachelor's,f,sourcing,1,48,4,13,0,0,52,0
394,Avery Williams,19046,Technology,region_2,Bachelor's,m,other,1,40,5,12,1,0,84,0
395,Avery Johnson,37427,Technology,region_20,Bachelor's,m,other,1,32,3,6,0,0,73,0
396,Quinn Garcia,58138,Sales & Marketing,region_20,Bachelor's,m,other,1,33,1,7,0,0,48,0
397,Jordan Williams,68064,Procurement,region_23,Bachelor's,f,other,1,35,3,6,0,0,66,0
398,Peyton Miller,6711,Sales & Marketing,region_6,,m,sourcing,1,23,3,2,0,0,51,0
399,Morgan Martinez,51002,Analytics,region_15,Master's & above,m,other,1,32,3,4,0,0,86,0
400,Avery Rodriguez,5132,Operations,region_2,Bachelor's,m,sourcing,4,31,3,6,0,0,59,0
401,Alex Miller,15801,Operations,region_26,Bachelor's,f,other,1,40,4,13,0,0,60,0
402,Casey Martinez,47265,Procurement,region_2,Master's & above,m,other,1,43,2,7,0,0,70,0
403,Peyton Smith,26798,Operations,region_32,Master's & above,m,other,1,38,3,6,0,0,60,0
404,Taylor Rodriguez,72203,Sales & Marketing,region_7,Bachelor's,m,other,1,36,5,8,0,0,49,0
405,Taylor Martinez,46862,Procurement,region_7,Master's & above,m,other,1,49,5,20,1,0,65,0
406,Jordan Rodriguez,75629,Sales & Marketing,region_22,Bachelor's,f,sourcing,1,32,1,4,0,0,50,0
407,Jamie Brown,10452,Analytics,region_2,Bachelor's,m,other,2,26,3,2,0,0,91,0
408,Casey Johnson,37017,Analytics,region_7,Bachelor's,m,sourcing,1,55,3,18,0,0,87,0
409,Riley Davis,76427,HR,region_22,Master's & above,f,other,1,35,3,5,0,0,50,0
410,Alex Williams,46925,Operations,region_9,Master's & above,f,other,1,36,4,6,1,0,59,0
411,Quinn Rodriguez,43828,Sales & Marketing,region_30,Bachelor's,m,other,1,29,5,4,1,0,45,0
412,Morgan Garcia,58383,Procurement,region_4,Bachelor's,m,other,1,46,3,19,1,0,72,0
413,Taylor Martinez,20660,R&D,region_27,Bachelor's,m,sourcing,2,30,3,4,0,0,84,0
414,Jamie Davis,46166,Sales & Marketing,region_2,Bachelor's,m,other,1,51,5,19,0,0,40,0
415,Casey Jones,11123,Sales & Marketing,region_29,Master's & above,m,other,1,37,3,7,0,0,54,0
416,Peyton Smith,67946,Analytics,region_32,,m,other,1,27,3,2,0,0,88,0
417,Morgan Garcia,41763,Sales & Marketing,region_26,,m,other,1,43,1,4,0,0,49,0
418,Morgan Garcia,40628,HR,region_32,Bachelor's,f,other,1,31,3,7,0,0,51,0
419,Casey Miller,61482,Operations,region_7,Master's & above,f,sourcing,2,38,4,9,1,0,65,0
420,Taylor Davis,63083,Sales & Marketing,region_2,Master's & above,f,other,1,43,1,10,0,0,45,0
421,Avery Rodriguez,33789,Technology,region_7,Bachelor's,m,sourcing,3,29,3,4,0,0,81,0
422,Avery Williams,3540,Technology,region_22,Master's & above,f,sourcing,1,30,3,2,0,0,79,0
423,Jordan Davis,51292,HR,region_2,Bachelor's,f,other,1,49,5,22,1,0,50,0
424,Morgan Brown,137,Analytics,region_7,Master's & above,m,other,1,49,4,5,0,0,90,0
425,Riley Garcia,73204,Sales & Marketing,region_7,Master's & above,m,sourcing,1,36,2,5,0,0,48,0
426,Jamie Brown,73753,Procurement,region_10,Master's & above,m,sourcing,1,33,1,3,0,0,71,0
427,Taylor Garcia,49737,Sales & Marketing,region_22,Master's & above,m,other,3,52,3,25,0,0,49,0
428,Casey Smith,22462,Sales & Marketing,region_32,Bachelor's,f,other,1,29,,1,0,0,53,0
429,Riley Garcia,36905,Operations,region_7,Bachelor's,m,other,1,37,3,11,0,0,56,0
430,Jordan Rodriguez,16004,Finance,region_22,Below Secondary,m,other,1,25,3,3,0,0,61,0
431,Jamie Davis,10002,HR,region_2,Below Secondary,m,sourcing,1,24,,1,1,0,52,0
432,Quinn Williams,43176,Technology,region_7,Master's & above,f,referred,1,37,4,13,0,0,79,0
433,Morgan Garcia,12538,Operations,region_14,Bachelor's,m,other,1,35,5,10,1,0,59,1
434,Quinn Garcia,56140,Technology,region_13,Bachelor's,f,other,1,33,3,4,1,0,76,1
435,Taylor Williams,71196,Procurement,region_2,Bachelor's,f,sourcing,1,33,5,9,1,0,71,0
436,Taylor Smith,57893,Technology,region_2,Bachelor's,f,other,1,59,3,28,0,0,78,0
437,Taylor Smith,5640,Analytics,region_2,Bachelor's,m,sourcing,1,29,,1,0,0,88,0
438,Alex Martinez,41208,Operations,region_2,Bachelor's,f,other,1,38,2,8,0,0,59,0
439,Casey Jones,55857,Operations,region_2,Bachelor's,m,sourcing,1,48,4,13,0,0,57,0
440,Taylor Williams,27907,Legal,region_11,Bachelor's,m,other,1,31,3,1,1,0,62,0
441,Alex Garcia,5933,Technology,region_5,Master's & above,f,sourcing,1,32,1,5,0,0,77,0
442,Jamie Davis,44678,Procurement,region_22,Bachelor's,m,other,3,24,3,2,0,0,63,0
443,Quinn Jones,48266,Technology,region_7,Master's & above,m,sourcing,2,37,5,5,1,0,77,0
444,Avery Martinez,46639,Sales & Marketing,region_7,Bachelor's,f,sourcing,1,32,5,8,1,0,46,1
445,Jamie Davis,21523,Sales & Marketing,region_4,Bachelor's,m,other,1,31,3,2,0,0,48,0
446,Jamie Brown,32437,Operations,region_2,Bachelor's,m,sourcing,2,45,3,5,1,1,61,0
447,Alex Jones,65689,Sales & Marketing,region_2,Bachelor's,m,other,1,57,5,6,0,0,45,0
448,Peyton Smith,73819,Operations,region_15,Master's & above,m,other,2,39,2,8,0,0,59,0
449,Peyton Davis,74019,Procurement,region_2,Master's & above,m,sourcing,1,42,1,4,0,0,70,0
450,Casey Miller,76698,Operations,region_7,Bachelor's,f,other,1,45,3,4,0,1,65,1
451,Jordan Smith,70387,Operations,region_30,Master's & above,m,sourcing,1,41,3,3,1,0,61,0
452,Morgan Johnson,56162,Technology,region_27,Master's & above,f,sourcing,1,41,1,11,0,0,74,0
453,Morgan Davis,26260,Sales & Marketing,region_24,Master's & above,m,sourcing,1,34,1,7,0,0,50,0
454,Peyton Johnson,53188,Sales & Marketing,region_31,Bachelor's,m,sourcing,1,47,5,18,0,0,52,0
455,Jordan Williams,34074,Sales & Marketing,region_25,Master's & above,m,sourcing,1,33,5,7,1,0,51,0
456,Alex Davis,38934,Operations,region_22,Master's & above,f,sourcing,1,48,3,15,0,0,69,1
457,Casey Davis,39799,Operations,region_15,Bachelor's,m,other,1,34,4,3,0,0,60,0
458,Peyton Jones,40775,Sales & Marketing,region_1,Master's & above,m,other,1,35,5,4,1,0,47,0
459,Jordan Jones,41928,Analytics,region_1,Master's & above,m,sourcing,1,35,5,4,1,0,84,0
460,Morgan Jones,31364,Technology,region_15,Bachelor's,f,sourcing,2,26,3,2,0,0,79,0
461,Jordan Martinez,25351,Sales & Marketing,region_14,Master's & above,m,sourcing,1,45,3,17,0,0,49,0
462,Taylor Rodriguez,72690,Sales & Marketing,region_9,Master's & above,f,sourcing,1,31,3,1,0,0,54,0
463,Quinn Rodriguez,11666,Sales & Marketing,region_34,Bachelor's,m,sourcing,1,30,5,7,0,0,49,0
464,Jamie Davis,10167,Sales & Marketing,region_13,Bachelor's,m,sourcing,1,46,1,5,0,0,50,0
465,Riley Miller,43399,Operations,region_2,Bachelor's,f,other,1,60,5,4,1,0,56,0
466,Riley Williams,72916,Operations,region_27,Bachelor's,m,other,1,44,5,11,1,0,55,0
467,Casey Smith,19440,Technology,region_22,Master's & above,m,sourcing,3,35,3,3,0,0,86,0
468,Avery Smith,55444,Sales & Marketing,region_22,Bachelor's,m,sourcing,2,33,2,6,0,0,52,0
469,Peyton Smith,10360,Operations,region_6,Bachelor's,m,sourcing,1,38,4,8,1,0,55,0
470,Alex Miller,66637,Technology,region_22,Master's & above,m,sourcing,1,39,3,5,0,0,80,0
471,Jamie Jones,63026,Sales & Marketing,region_26,Bachelor's,m,other,1,30,3,2,0,0,50,0
472,Riley Davis,53981,Operations,region_5,Bachelor's,m,sourcing,1,31,,1,1,0,65,0
473,Jordan Miller,66248,Sales & Marketing,region_7,Bachelor's,m,sourcing,1,57,4,3,0,0,50,0
474,Jordan Garcia,73279,Sales & Marketing,region_2,Bachelor's,f,other,1,34,1,7,0,0,50,0
475,Casey Williams,57365,Operations,region_2,Bachelor's,m,other,1,38,3,4,1,0,66,0
476,Avery Williams,36691,Sales & Marketing,region_14,,m,other,1,24,,1,1,0,55,0
477,Riley Martinez,31987,Procurement,region_17,Master's & above,m,other,1,45,3,16,0,0,87,1
478,Taylor Smith,73265,Sales & Marketing,region_1,Master's & above,m,other,1,40,1,11,0,0,53,0
479,Taylor Miller,62530,Procurement,region_32,Bachelor's,m,other,2,32,3,3,0,0,70,0
480,Taylor Garcia,52716,Sales & Marketing,region_2,Bachelor's,f,sourcing,2,29,3,2,0,0,48,0
481,Peyton Smith,12930,Finance,region_2,Bachelor's,f,other,1,39,4,11,0,0,59,0
482,Morgan Miller,70371,Analytics,region_13,Bachelor's,m,sourcing,1,32,3,7,0,0,80,0
483,Alex Brown,32774,Operations,region_2,Master's & above,m,other,2,57,4,7,1,0,58,0
484,Casey Johnson,78119,Procurement,region_11,Bachelor's,f,other,1,36,3,4,1,0,72,0
485,Quinn Jones,50338,Sales & Marketing,region_2,Bachelor's,m,other,1,34,1,5,0,0,46,0
486,Quinn Smith,64630,HR,region_22,Master's & above,f,other,1,33,5,7,1,0,50,0
487,Casey Garcia,1830,Technology,region_2,Master's & above,m,sourcing,1,39,2,4,1,0,81,0
488,Taylor Davis,60743,Finance,region_15,Bachelor's,f,sourcing,2,32,4,8,0,0,59,0
489,Taylor Davis,77734,Technology,region_2,Bachelor's,m,referred,1,31,3,6,0,0,77,0
490,Riley Jones,51440,Sales & Marketing,region_22,Bachelor's,m,other,1,31,1,7,1,0,52,0
491,Taylor Johnson,58579,Procurement,region_22,Bachelor's,f,other,1,25,3,3,0,0,68,0
492,Jordan Williams,38123,Sales & Marketing,region_4,Bachelor's,f,sourcing,1,43,5,4,1,0,50,0
493,Taylor Brown,57033,Operations,region_2,Bachelor's,m,sourcing,1,25,,1,0,0,65,0
494,Quinn Jones,42513,Procurement,region_2,Master's & above,f,other,1,50,1,16,0,0,68,0
495,Taylor Martinez,29146,Operations,region_22,Master's & above,m,other,3,32,3,4,1,0,64,1
496,Riley Garcia,72935,Finance,region_32,Bachelor's,m,sourcing,1,28,3,2,0,0,59,0
497,Casey Davis,16889,Sales & Marketing,region_17,Bachelor's,m,other,1,32,1,5,0,0,51,0
498,Avery Martinez,6181,Sales & Marketing,region_16,Bachelor's,m,sourcing,1,34,5,5,0,0,49,0
499,Quinn Davis,9025,Operations,region_16,Bachelor's,m,other,1,30,5,4,0,0,55,0
500,Jamie Rodriguez,65024,Operations,region_7,Master's & above,f,sourcing,1,33,5,6,0,0,74,1
501,Alex Davis,61874,Procurement,region_7,Master's & above,m,sourcing,2,46,4,19,1,0,70,0
502,Taylor Brown,30900,Sales & Marketing,region_12,Bachelor's,m,sourcing,1,35,4,10,1,0,50,1
503,Morgan Davis,44381,Operations,region_7,Bachelor's,m,other,1,33,5,8,1,0,59,1
504,Morgan Davis,805,Operations,region_22,Bachelor's,m,sourcing,1,30,4,4,0,0,59,0
505,Quinn Smith,10468,Procurement,region_7,Bachelor's,m,sourcing,2,33,5,4,1,0,71,0
506,Quinn Rodriguez,54127,Sales & Marketing,region_13,Bachelor's,m,other,1,28,4,5,0,0,52,0
507,Casey Williams,63027,Technology,region_24,Master's & above,m,other,1,38,3,8,0,0,84,0
508,Riley Rodriguez,26944,Sales & Marketing,region_2,Bachelor's,f,sourcing,1,34,2,7,1,0,49,1
509,Casey Miller,6788,Sales & Marketing,region_2,,f,other,2,40,,1,1,0,51,0
510,Alex Jones,51318,Procurement,region_31,Bachelor's,f,sourcing,2,30,3,5,0,0,73,0
511,Morgan Martinez,30551,Operations,region_12,Bachelor's,f,sourcing,1,29,2,7,0,0,60,0
512,Taylor Garcia,74141,R&D,region_26,Bachelor's,m,sourcing,1,30,3,3,0,0,83,0
513,Avery Rodriguez,16399,Sales & Marketing,region_31,Bachelor's,m,sourcing,1,38,4,10,0,0,50,0
514,Alex Garcia,10389,Operations,region_7,Bachelor's,m,other,3,40,3,11,0,0,60,0
515,Avery Williams,15369,Analytics,region_22,,f,other,1,29,4,5,0,0,86,0
516,Riley Jones,41337,HR,region_2,Master's & above,f,sourcing,1,53,4,25,0,0,47,0
517,Peyton Jones,633,Sales & Marketing,region_17,Bachelor's,f,sourcing,1,26,3,2,0,0,49,0
518,Peyton Martinez,30155,Analytics,region_32,Bachelor's,m,other,2,28,,1,0,0,82,0
519,Taylor Rodriguez,59337,Analytics,region_22,Master's & above,m,sourcing,1,26,,1,1,0,84,0
520,Morgan Martinez,3968,Procurement,region_10,Bachelor's,m,other,1,28,3,4,0,0,65,0
521,Peyton Williams,1709,HR,region_7,Bachelor's,f,sourcing,1,30,3,3,0,0,51,0
522,Taylor Rodriguez,1588,Operations,region_15,Master's & above,m,other,1,59,4,4,1,0,56,0
523,Quinn Garcia,573,R&D,region_22,Bachelor's,f,other,1,29,,1,1,0,86,0
524,Jamie Miller,24750,Technology,region_14,Bachelor's,m,sourcing,1,31,3,4,0,0,83,0
525,Jamie Johnson,9098,Procurement,region_7,Bachelor's,f,other,1,26,3,2,0,0,69,0
526,Alex Williams,41768,Operations,region_19,Master's & above,f,sourcing,1,37,3,10,0,0,62,0
527,Casey Davis,43660,Operations,region_8,Bachelor's,f,sourcing,1,25,3,1,0,0,62,0
528,Peyton Miller,8027,Technology,region_31,Bachelor's,m,other,1,27,2,3,1,0,78,0
529,Taylor Garcia,15774,Operations,region_2,Master's & above,m,sourcing,1,39,4,10,0,0,60,0
530,Morgan Davis,4857,Analytics,region_28,Bachelor's,m,other,1,36,5,3,1,0,91,1
531,Alex Smith,58988,Procurement,region_23,Master's & above,m,other,2,35,5,6,1,0,91,1
532,Casey Martinez,54550,Technology,region_8,Bachelor's,f,other,1,28,,1,0,0,81,0
533,Jamie Jones,31552,Sales & Marketing,region_21,Bachelor's,m,other,1,30,,1,1,0,50,0
534,Alex Miller,76968,Procurement,region_22,Master's & above,m,sourcing,1,37,5,9,1,0,75,0
535,Alex Brown,73203,Technology,region_28,Master's & above,m,sourcing,2,35,1,9,0,0,80,0
536,Peyton Smith,60095,Sales & Marketing,region_28,Master's & above,f,other,1,30,1,5,0,0,54,0
537,Taylor Garcia,6731,R&D,region_29,Bachelor's,m,sourcing,1,30,5,1,0,0,96,1
538,Casey Davis,39725,Technology,region_2,Bachelor's,m,other,1,45,4,3,0,0,83,0
539,Alex Miller,70021,Procurement,region_23,Master's & above,m,other,1,36,3,7,1,0,71,0
540,Alex Miller,22958,Sales & Marketing,region_11,Bachelor's,m,sourcing,1,37,3,4,0,0,50,0
541,Jordan Davis,21955,Procurement,region_2,Bachelor's,f,sourcing,2,39,3,4,0,0,73,0
542,Jordan Smith,72984,Operations,region_19,Bachelor's,m,other,1,37,5,6,0,0,59,0
543,Riley Williams,63667,Procurement,region_26,Bachelor's,m,other,1,28,,1,0,0,82,1
544,Jamie Smith,4147,Procurement,region_22,Master's & above,m,sourcing,1,40,3,12,0,0,70,0
545,Jordan Johnson,28714,Sales & Marketing,region_3,Bachelor's,m,other,1,30,5,3,1,0,52,0
546,Jamie Garcia,51959,Operations,region_31,Master's & above,m,other,1,36,4,7,0,0,56,0
547,Alex Johnson,68716,Sales & Marketing,region_15,Bachelor's,f,other,1,27,2,4,0,0,57,0
548,Casey Williams,30802,Operations,region_11,Bachelor's,f,other,1,29,1,4,0,0,57,0
549,Taylor Smith,34542,Technology,region_2,Bachelor's,f,sourcing,7,31,3,5,1,0,82,0
550,Riley Miller,32970,Procurement,region_22,Master's & above,m,other,1,36,4,7,1,0,67,0
551,Avery Williams,10936,Operations,region_12,Bachelor's,m,other,1,30,4,4,0,0,57,0
552,Quinn Martinez,20326,Analytics,region_28,Master's & above,m,other,2,32,3,6,1,0,86,0
553,Jordan Johnson,38445,Sales & Marketing,region_15,Bachelor's,m,sourcing,1,29,5,2,0,0,50,0
554,Alex Miller,18621,Sales & Marketing,region_2,Bachelor's,f,other,1,29,,1,0,0,45,0
555,Avery Johnson,10345,Sales & Marketing,region_22,Master's & above,m,other,2,38,1,8,0,0,47,0
556,Avery Davis,25834,Procurement,region_2,Master's & above,f,other,1,51,3,15,0,0,71,0
557,Alex Rodriguez,333,Finance,region_22,Master's & above,m,other,1,32,3,8,0,0,58,0
558,Avery Williams,28850,Technology,region_14,Master's & above,f,sourcing,1,36,3,5,1,0,83,0
559,Riley Miller,61888,Operations,region_15,Bachelor's,m,sourcing,2,30,5,5,1,0,57,0
560,Riley Garcia,30928,Finance,region_26,Bachelor's,f,sourcing,1,26,3,5,0,0,56,0
561,Peyton Jones,21230,R&D,region_7,Bachelor's,m,sourcing,2,32,5,3,1,0,83,1
562,Jordan Williams,22445,Sales & Marketing,region_30,Bachelor's,m,other,2,26,3,3,0,0,50,0
563,Alex Davis,57206,Analytics,region_28,Bachelor's,m,sourcing,1,30,4,2,0,0,83,0
564,Jamie Williams,57587,Sales & Marketing,region_6,Bachelor's,f,other,1,28,1,2,0,0,50,0
565,Riley Davis,29950,Sales & Marketing,region_26,Bachelor's,m,sourcing,1,40,3,18,1,0,55,1
566,Taylor Brown,1825,Legal,region_2,Bachelor's,m,other,1,33,1,6,0,0,66,0
567,Morgan Garcia,5272,Operations,region_2,Below Secondary,f,sourcing,1,24,,1,0,0,73,1
568,Morgan Miller,49389,Legal,region_27,Below Secondary,m,other,1,27,,1,1,0,59,0
569,Jamie Miller,66875,Operations,region_29,Bachelor's,m,sourcing,1,30,4,2,1,0,61,0
570,Quinn Miller,51071,Sales & Marketing,region_4,Master's & above,f,sourcing,1,37,3,9,0,0,44,0
571,Alex Miller,62499,Operations,region_2,,f,other,1,33,3,9,0,0,58,0
572,Morgan Williams,4566,Analytics,region_2,Bachelor's,m,other,2,31,3,2,0,0,84,0
573,Jordan Brown,77674,Sales & Marketing,region_31,Bachelor's,m,sourcing,1,43,3,3,0,0,48,0
574,Jamie Johnson,70679,Sales & Marketing,region_2,Master's & above,f,other,1,39,1,10,1,0,52,1
575,Alex Jones,20516,Sales & Marketing,region_2,,m,other,1,24,3,2,1,1,81,1
576,Taylor Martinez,45145,Procurement,region_4,Master's & above,m,other,1,41,2,12,0,0,71,0
577,Jamie Williams,45721,R&D,region_4,Master's & above,m,other,1,35,5,4,1,0,85,0
578,Avery Miller,52241,Sales & Marketing,region_7,Bachelor's,m,sourcing,1,24,,1,0,0,49,0
579,Taylor Jones,23337,Sales & Marketing,region_1,Master's & above,m,sourcing,3,33,2,7,0,0,53,0
580,Morgan Garcia,8386,Sales & Marketing,region_17,Master's & above,m,other,1,35,3,3,0,0,47,0
581,Peyton Johnson,70491,Sales & Marketing,region_15,Bachelor's,m,sourcing,1,30,2,8,1,1,50,0
582,Morgan Williams,23241,Procurement,region_15,Bachelor's,m,other,1,29,3,2,0,0,68,0
583,Taylor Martinez,54003,Sales & Marketing,region_6,Bachelor's,m,other,1,28,5,2,1,0,50,0
584,Casey Davis,24843,Operations,region_2,Master's & above,f,other,1,48,5,15,1,0,61,0
585,Alex Martinez,35222,Technology,region_2,Bachelor's,m,other,1,31,3,3,0,0,79,0
586,Riley Miller,47183,Sales & Marketing,region_1,Bachelor's,m,other,1,26,1,3,1,0,50,0
587,Alex Johnson,22660,Sales & Marketing,region_27,,m,sourcing,2,24,,1,0,0,47,0
588,Jordan Smith,11943,Technology,region_27,Bachelor's,f,referred,1,30,,1,1,0,76,0
589,Peyton Davis,57744,Operations,region_8,Master's & above,f,sourcing,1,38,3,2,1,0,61,0
590,Jamie Rodriguez,29142,Sales & Marketing,region_31,,m,sourcing,1,27,5,3,1,0,49,0
591,Avery Rodriguez,15620,Technology,region_2,Master's & above,f,other,1,49,1,24,0,0,77,0
592,Casey Garcia,44301,Technology,region_11,Bachelor's,f,other,1,32,,1,0,0,80,0
593,Taylor Martinez,24875,Operations,region_34,Bachelor's,m,other,1,26,,1,0,0,65,0
594,Quinn Johnson,61614,Sales & Marketing,region_2,Bachelor's,f,other,1,35,5,7,0,0,48,0
595,Avery Jones,73393,Finance,region_2,Bachelor's,f,other,2,46,3,3,0,0,59,0
596,Casey Johnson,27459,Procurement,region_22,Master's & above,m,other,1,34,2,6,0,0,69,0
597,Morgan Martinez,27533,Finance,region_22,Bachelor's,f,sourcing,2,30,1,3,1,0,59,0
598,Taylor Rodriguez,47584,Procurement,region_2,,f,sourcing,1,53,1,11,0,0,67,0
599,Casey Johnson,75636,Sales & Marketing,region_4,Master's & above,m,sourcing,1,49,3,17,0,0,48,0
600,Alex Jones,18390,Procurement,region_27,Master's & above,f,other,1,35,3,5,0,0,68,0
601,Peyton Garcia,69146,R&D,region_22,Master's & above,m,other,1,34,4,4,0,0,83,0
602,Quinn Miller,10122,Sales & Marketing,region_30,Bachelor's,m,other,7,26,2,5,0,0,46,0
603,Morgan Martinez,20927,Sales & Marketing,region_1,Bachelor's,m,sourcing,2,29,,1,0,0,47,0
604,Casey Jones,60018,Operations,region_7,Master's & above,f,other,1,37,3,4,0,0,58,0
605,Peyton Garcia,68791,Analytics,region_27,Bachelor's,m,other,2,25,4,2,0,0,80,0
606,Riley Johnson,25354,Sales & Marketing,region_2,Bachelor's,m,other,1,47,4,16,1,0,48,1
607,Peyton Jones,3491,Analytics,region_12,Bachelor's,m,sourcing,1,28,2,5,0,0,85,0
608,Avery Martinez,74687,Sales & Marketing,region_14,Bachelor's,m,other,1,32,5,10,1,0,48,0
609,Alex Martinez,50049,Procurement,region_19,Bachelor's,m,other,1,34,3,4,0,0,71,0
610,Morgan Martinez,30088,Operations,region_2,,m,sourcing,1,36,4,3,0,0,59,0
611,Jamie Garcia,45140,Legal,region_22,Bachelor's,m,other,1,32,2,6,0,0,59,0
612,Alex Williams,35436,Procurement,region_24,Master's & above,m,sourcing,2,32,2,5,0,0,72,0
613,Morgan Brown,72109,Sales & Marketing,region_8,Bachelor's,m,other,1,29,4,3,0,0,52,0
614,Jordan Martinez,24397,Operations,region_22,Bachelor's,m,other,1,32,4,4,1,1,57,1
615,Morgan Davis,44154,Sales & Marketing,region_22,Bachelor's,m,other,5,27,3,2,0,0,52,0
616,Taylor Smith,60571,Sales & Marketing,region_13,Bachelor's,m,other,1,34,5,4,1,0,51,0
617,Avery Davis,59722,Sales & Marketing,region_16,Master's & above,f,other,1,36,3,8,0,0,48,0
618,Jordan Garcia,27505,Operations,region_8,Bachelor's,m,sourcing,1,26,5,2,1,0,59,0
619,Jamie Miller,9072,Sales & Marketing,region_14,Master's & above,m,other,1,33,4,3,1,0,94,1
620,Riley Garcia,14939,Sales & Marketing,region_27,Master's & above,m,other,1,47,1,3,0,0,45,0
621,Casey Jones,13888,Sales & Marketing,region_11,Bachelor's,m,other,1,42,3,2,0,0,48,0
622,Riley Smith,44589,Sales & Marketing,region_26,Master's & above,m,other,1,38,1,8,0,0,54,0
623,Quinn Brown,15024,Technology,region_32,Bachelor's,f,sourcing,4,32,5,8,0,0,93,1
624,Taylor Williams,57609,Procurement,region_17,Bachelor's,f,other,1,44,3,16,0,0,70,0
625,Jordan Brown,8470,Sales & Marketing,region_22,Master's & above,m,other,1,33,4,5,1,0,46,0
626,Alex Johnson,47152,Sales & Marketing,region_26,Bachelor's,m,sourcing,2,27,3,3,0,0,55,0
627,Peyton Martinez,43153,Technology,region_2,Master's & above,m,other,2,50,5,14,0,0,85,0
628,Jamie Jones,4464,Procurement,region_31,Bachelor's,f,other,2,29,3,4,0,0,71,0
629,Peyton Rodriguez,17190,Procurement,region_34,Bachelor's,m,other,1,29,5,4,0,0,84,1
630,Riley Smith,109,Technology,region_27,,m,sourcing,2,28,3,2,0,0,79,0
631,Alex Rodriguez,48753,Analytics,region_2,Bachelor's,m,other,1,44,5,7,1,0,84,0
632,Riley Martinez,17602,Operations,region_8,Bachelor's,f,other,1,32,4,2,1,0,61,0
633,Peyton Miller,71562,Analytics,region_28,Master's & above,m,sourcing,2,30,3,6,0,0,83,0
634,Jordan Williams,70593,Operations,region_21,Bachelor's,m,other,1,37,5,4,1,0,59,0
635,Jamie Jones,4445,Operations,region_22,Bachelor's,f,sourcing,1,37,3,5,1,0,59,0
636,Jordan Garcia,47038,Sales & Marketing,region_14,Bachelor's,m,sourcing,1,32,1,4,0,0,52,0
637,Jamie Williams,31070,Procurement,region_23,Bachelor's,m,sourcing,1,36,3,2,0,0,66,0
638,Morgan Smith,33000,Procurement,region_2,Bachelor's,f,other,2,34,3,4,1,0,62,0
639,Alex Martinez,20974,Finance,region_8,Bachelor's,f,other,1,30,3,3,0,0,65,0
640,Peyton Miller,64764,Technology,region_2,Bachelor's,m,sourcing,1,26,,1,1,1,81,1
641,Alex Davis,38060,Sales & Marketing,region_29,Master's & above,m,sourcing,1,31,1,2,0,0,51,0
642,Jordan Davis,40172,Technology,region_2,Bachelor's,m,referred,1,41,5,7,0,0,83,0
643,Morgan Smith,36808,Operations,region_2,Master's & above,m,sourcing,1,33,2,7,0,0,57,0
644,Avery Jones,9763,Operations,region_20,Bachelor's,m,other,1,25,4,3,0,0,58,0
645,Casey Garcia,76038,Operations,region_7,Bachelor's,f,sourcing,1,39,3,6,1,0,58,0
646,Riley Rodriguez,71813,Procurement,region_12,Bachelor's,f,sourcing,1,31,3,6,0,0,70,0
647,Jamie Rodriguez,42426,Technology,region_2,Master's & above,f,sourcing,1,56,2,16,0,0,79,0
648,Quinn Rodriguez,61602,Sales & Marketing,region_14,Bachelor's,m,other,1,30,1,3,0,0,50,0
649,Quinn Martinez,48737,Operations,region_4,Bachelor's,m,other,2,29,5,5,1,0,63,1
650,Avery Smith,65518,Sales & Marketing,region_9,Master's & above,m,sourcing,1,31,4,3,0,0,50,0
651,Avery Martinez,70606,R&D,region_31,Master's & above,m,sourcing,2,28,4,2,0,0,82,0
652,Morgan Garcia,7717,Analytics,region_20,Bachelor's,m,other,2,30,2,3,0,0,82,0
653,Quinn Miller,68386,Analytics,region_11,Bachelor's,m,sourcing,1,30,1,2,0,0,84,0
654,Morgan Miller,51891,Procurement,region_7,Bachelor's,f,other,1,29,4,6,1,0,65,0
655,Peyton Williams,36931,Operations,region_19,Bachelor's,f,other,1,31,3,3,1,0,60,0
656,Riley Johnson,60567,Analytics,region_25,Bachelor's,m,other,1,30,3,6,1,0,84,1
657,Avery Johnson,22820,Procurement,region_2,Bachelor's,m,sourcing,1,26,,1,0,0,72,0
658,Taylor Miller,11028,Operations,region_16,Bachelor's,m,sourcing,1,44,5,4,1,0,60,0
659,Jordan Johnson,6425,Procurement,region_24,Master's & above,f,other,1,31,1,6,0,0,70,0
660,Quinn Miller,13047,Technology,region_33,Bachelor's,f,other,1,35,4,3,0,0,77,0
661,Alex Davis,63491,Procurement,region_23,Master's & above,m,other,1,41,3,3,0,0,73,0
662,Jordan Johnson,44748,Sales & Marketing,region_25,Bachelor's,m,other,1,33,5,7,1,0,47,0
663,Jordan Jones,32186,Technology,region_31,Bachelor's,m,sourcing,1,33,5,4,1,0,81,0
664,Riley Martinez,55275,Operations,region_2,Below Secondary,m,sourcing,1,26,5,3,0,0,60,0
665,Avery Miller,48682,Sales & Marketing,region_13,Bachelor's,m,sourcing,1,47,4,19,0,0,48,0
666,Avery Davis,74930,Sales & Marketing,region_11,Bachelor's,m,sourcing,1,28,5,5,1,0,51,0
667,Alex Brown,45051,Sales & Marketing,region_13,Bachelor's,m,other,1,32,1,5,0,0,52,0
668,Casey Rodriguez,24675,Sales & Marketing,region_24,Bachelor's,m,other,1,36,3,10,0,0,50,0
669,Jamie Smith,28572,Procurement,region_7,Master's & above,f,other,2,39,3,5,0,0,68,0
670,Quinn Johnson,38163,Technology,region_7,Bachelor's,f,other,1,29,5,2,1,0,81,0
671,Avery Williams,65257,Sales & Marketing,region_2,,m,sourcing,3,45,3,6,0,0,47,0
672,Quinn Johnson,14988,Operations,region_2,Bachelor's,m,sourcing,1,48,2,4,0,0,58,0
673,Avery Johnson,12936,HR,region_2,Bachelor's,m,other,2,32,3,5,0,0,49,0
674,Jordan Miller,58180,Operations,region_2,Bachelor's,f,other,1,39,2,5,0,0,63,0
675,Taylor Smith,20295,Operations,region_2,Master's & above,m,other,1,53,4,19,1,0,57,0
676,Morgan Rodriguez,71073,Sales & Marketing,region_22,Bachelor's,m,other,1,42,3,4,0,0,53,0
677,Riley Rodriguez,2221,Finance,region_2,Master's & above,f,other,2,35,5,4,0,0,59,0
678,Quinn Rodriguez,47279,Analytics,region_34,Bachelor's,m,sourcing,1,30,1,4,0,0,82,0
679,Avery Brown,40019,Analytics,region_27,,m,other,1,31,4,6,1,0,86,0
680,Morgan Smith,50781,Operations,region_8,Bachelor's,m,other,1,26,5,3,0,0,56,0
681,Alex Williams,64947,Sales & Marketing,region_7,Bachelor's,m,other,1,35,5,3,1,1,45,1
682,Riley Johnson,31258,Sales & Marketing,region_7,Bachelor's,m,sourcing,1,45,1,5,0,0,52,0
683,Taylor Johnson,11796,Procurement,region_27,Bachelor's,m,sourcing,5,37,3,9,0,0,64,0
684,Morgan Rodriguez,69912,Operations,region_2,Bachelor's,f,other,1,42,5,10,1,0,59,0
685,Alex Jones,38974,Sales & Marketing,region_7,Master's & above,m,other,1,43,5,14,1,0,50,0
686,Peyton Smith,39544,Operations,region_11,Bachelor's,m,other,1,27,5,2,1,0,58,0
687,Peyton Davis,5303,Sales & Marketing,region_34,Bachelor's,m,other,1,26,,1,1,0,48,0
688,Taylor Martinez,14189,Sales & Marketing,region_15,Master's & above,m,sourcing,1,38,1,10,0,0,50,0
689,Morgan Jones,35644,Analytics,region_9,Master's & above,m,other,1,31,4,5,1,0,82,0
690,Casey Miller,23232,Operations,region_15,Bachelor's,f,sourcing,1,30,2,2,0,0,64,0
691,Riley Davis,28851,Procurement,region_2,,f,sourcing,1,37,4,11,0,0,70,0
692,Jamie Rodriguez,8174,Sales & Marketing,region_16,Master's & above,m,other,1,35,1,4,0,0,48,0
693,Avery Brown,72379,Operations,region_7,Master's & above,f,sourcing,2,38,5,4,1,0,63,0
694,Taylor Davis,7814,R&D,region_22,Bachelor's,m,sourcing,3,30,5,2,0,0,85,0
695,Taylor Garcia,54321,Technology,region_7,Bachelor's,m,sourcing,1,30,,1,1,0,78,1
696,Morgan Williams,17873,Sales & Marketing,region_30,Bachelor's,m,sourcing,2,28,3,2,0,0,52,0
697,Quinn Johnson,32272,Operations,region_13,Master's & above,m,other,1,42,4,7,0,0,59,0
698,Peyton Martinez,31847,Procurement,region_22,Bachelor's,m,sourcing,1,33,2,7,0,0,68,0
699,Peyton Smith,11855,Sales & Marketing,region_11,Master's & above,m,other,1,39,4,4,0,0,45,0
700,Quinn Williams,70961,Sales & Marketing,region_7,,m,sourcing,1,33,2,7,1,0,49,0
701,Riley Garcia,32378,Technology,region_13,Master's & above,f,other,1,43,4,6,0,0,81,0
702,Morgan Jones,45064,Operations,region_14,Bachelor's,f,sourcing,1,30,4,7,0,0,59,0
703,Casey Miller,28533,Analytics,region_15,Master's & above,m,sourcing,1,37,3,3,1,0,85,0
704,Alex Rodriguez,1412,Technology,region_31,Bachelor's,m,other,1,33,4,6,1,1,81,0
705,Jordan Brown,15311,Sales & Marketing,region_1,Master's & above,m,sourcing,1,38,5,10,0,0,49,0
706,Quinn Smith,43786,Analytics,region_22,Bachelor's,f,sourcing,2,27,3,3,1,0,85,1
707,Quinn Williams,13825,Operations,region_22,Bachelor's,f,sourcing,1,24,5,2,0,0,55,0
708,Jamie Johnson,36207,Operations,region_16,Bachelor's,f,sourcing,1,35,2,10,0,0,58,0
709,Alex Davis,18293,Operations,region_2,Master's & above,m,other,2,42,5,2,1,0,57,0
710,Jordan Williams,21794,Sales & Marketing,region_28,Master's & above,m,other,1,32,3,7,0,0,53,0
711,Casey Davis,11349,Sales & Marketing,region_26,Bachelor's,m,other,2,25,3,2,0,0,45,0
712,Peyton Rodriguez,65504,Procurement,region_2,Master's & above,f,other,1,35,5,6,1,0,67,0
713,Taylor Jones,73508,Technology,region_2,Master's & above,f,sourcing,1,54,3,24,0,0,75,0
714,Jamie Rodriguez,68754,Sales & Marketing,region_32,Bachelor's,m,other,1,33,2,3,0,0,45,0
715,Riley Williams,6099,Sales & Marketing,region_22,,f,sourcing,1,27,,1,0,0,48,0
716,Peyton Williams,38634,Analytics,region_31,Bachelor's,m,other,2,28,3,2,1,0,86,1
717,Peyton Johnson,38271,HR,region_23,Master's & above,f,other,1,36,3,8,0,0,44,0
718,Quinn Rodriguez,53405,Procurement,region_2,Master's & above,f,other,3,51,3,7,1,0,72,0
719,Riley Rodriguez,77609,Operations,region_11,Bachelor's,f,sourcing,2,31,3,2,0,0,57,0
720,Morgan Johnson,22580,Sales & Marketing,region_26,Bachelor's,m,other,2,25,1,4,0,0,47,0
721,Riley Garcia,43497,HR,region_2,Master's & above,m,sourcing,1,45,3,3,0,0,51,0
722,Riley Jones,14781,Finance,region_7,Bachelor's,m,sourcing,1,31,3,4,0,0,64,0
723,Quinn Johnson,14576,HR,region_14,Bachelor's,m,other,1,39,3,11,0,0,53,0
724,Casey Jones,45407,Procurement,region_15,Bachelor's,f,other,1,39,4,5,1,0,73,0
725,Morgan Smith,3124,Procurement,region_26,Bachelor's,f,other,1,25,2,2,1,0,66,0
726,Jamie Davis,70800,Operations,region_4,Master's & above,f,sourcing,1,37,5,8,1,1,99,1
727,Jordan Martinez,35493,Technology,region_20,Bachelor's,m,other,1,29,5,3,1,0,80,0
728,Jordan Davis,25396,Sales & Marketing,region_6,Bachelor's,m,other,1,27,1,5,0,0,52,0
729,Riley Johnson,5283,Operations,region_2,Bachelor's,m,other,1,27,4,3,0,0,59,0
730,Riley Smith,10067,Sales & Marketing,region_11,Bachelor's,m,other,1,47,4,6,0,0,51,0
731,Casey Davis,46585,Finance,region_2,Master's & above,m,sourcing,1,36,4,3,0,0,55,0
732,Jordan Davis,3225,Operations,region_8,Bachelor's,m,other,1,35,5,9,1,0,58,0
733,Alex Rodriguez,55264,Sales & Marketing,region_8,Bachelor's,m,sourcing,1,35,3,8,0,0,51,0
734,Peyton Jones,22333,Technology,region_2,Bachelor's,f,sourcing,2,32,3,5,1,0,82,0
735,Quinn Brown,63955,Sales & Marketing,region_23,Bachelor's,m,sourcing,1,26,,1,0,0,47,0
736,Casey Miller,69334,Finance,region_28,Master's & above,m,other,1,33,3,3,1,1,60,1
737,Morgan Martinez,4310,Sales & Marketing,region_10,Master's & above,f,sourcing,1,32,2,5,0,0,56,0
738,Peyton Williams,45756,Procurement,region_19,Bachelor's,m,other,1,41,5,4,1,0,73,0
739,Avery Martinez,10377,Sales & Marketing,region_22,,m,sourcing,1,26,4,2,1,0,53,0
740,Quinn Jones,35903,Finance,region_13,Master's & above,m,sourcing,1,40,5,4,0,0,58,0
741,Avery Johnson,50163,Operations,region_3,Bachelor's,f,sourcing,1,31,3,4,0,0,55,0
742,Taylor Johnson,25255,Technology,region_7,Bachelor's,m,other,1,25,3,2,0,0,78,0
743,Avery Johnson,21623,Legal,region_2,Master's & above,m,other,1,58,3,15,1,0,60,0
744,Alex Rodriguez,701,Sales & Marketing,region_32,Bachelor's,f,other,1,27,1,4,0,0,53,0
745,Alex Davis,3440,Sales & Marketing,region_27,Bachelor's,m,other,1,29,5,5,1,0,52,0
746,Jamie Davis,68280,Sales & Marketing,region_22,Bachelor's,m,sourcing,2,33,4,8,0,0,46,0
747,Jordan Garcia,69785,HR,region_2,Bachelor's,f,other,1,28,,1,0,0,43,0
748,Jordan Miller,69847,Operations,region_26,Bachelor's,f,other,1,32,4,2,1,0,59,0
749,Quinn Rodriguez,49317,Finance,region_7,Master's & above,f,sourcing,1,36,5,2,1,0,57,0
750,Jamie Jones,1159,Procurement,region_2,Master's & above,f,other,1,37,3,3,0,0,72,0
751,Casey Brown,19141,HR,region_32,Bachelor's,m,other,1,30,5,7,1,0,51,0
752,Taylor Brown,14262,Technology,region_23,Master's & above,m,sourcing,1,43,2,7,0,0,77,0
753,Jamie Brown,44397,Technology,region_29,Master's & above,f,other,1,31,3,5,1,0,81,0
754,Alex Garcia,32925,R&D,region_31,Master's & above,m,other,2,34,4,4,0,0,86,0
755,Alex Martinez,54216,Operations,region_2,Bachelor's,m,sourcing,1,45,4,18,1,0,61,0
756,Casey Smith,2732,Analytics,region_22,Master's & above,m,other,2,30,3,6,0,0,80,0
757,Casey Martinez,70028,Analytics,region_15,Bachelor's,m,sourcing,3,39,3,6,0,0,84,0
758,Riley Johnson,15431,Technology,region_17,Master's & above,m,other,1,34,5,5,1,0,81,0
759,Jamie Brown,36487,Technology,region_15,Master's & above,m,other,1,36,2,8,0,0,86,0
760,Jordan Brown,68345,Technology,region_26,Bachelor's,m,sourcing,1,25,4,3,0,0,80,0
761,Avery Smith,11310,Sales & Marketing,region_32,Bachelor's,m,sourcing,1,28,4,4,0,0,45,0
762,Casey Williams,5366,Finance,region_12,Bachelor's,m,other,1,31,2,5,0,0,60,0
763,Quinn Miller,73314,Procurement,region_2,Master's & above,f,other,1,49,5,7,1,0,73,0
764,Quinn Johnson,11811,Technology,region_7,Master's & above,f,other,1,39,4,4,1,0,78,1
765,Jamie Brown,34277,Sales & Marketing,region_31,Bachelor's,m,sourcing,1,49,3,19,0,0,50,0
766,Alex Williams,48381,Procurement,region_22,Master's & above,f,sourcing,1,37,3,9,0,0,67,0
767,Peyton Miller,5108,Technology,region_26,Bachelor's,f,sourcing,1,38,2,5,1,0,79,0
768,Avery Brown,77379,Operations,region_2,Bachelor's,m,other,1,38,4,10,0,0,59,0
769,Jamie Brown,3144,Sales & Marketing,region_22,Master's & above,m,sourcing,1,44,1,9,0,0,54,0
770,Casey Williams,69095,Technology,region_22,Bachelor's,m,referred,1,30,4,2,1,0,84,0
771,Alex Davis,26952,Analytics,region_13,Master's & above,m,other,1,34,2,6,0,0,86,0
772,Morgan Jones,36231,Finance,region_2,Below Secondary,m,sourcing,2,25,,1,1,0,60,0
773,Taylor Garcia,34336,Operations,region_2,Master's & above,f,sourcing,2,34,5,7,0,0,61,0
774,Jordan Rodriguez,9431,Technology,region_22,Master's & above,f,sourcing,1,35,1,4,0,0,81,0
775,Morgan Williams,21346,Procurement,region_17,Bachelor's,f,other,1,38,2,4,0,0,65,0
776,Alex Martinez,49690,Procurement,region_26,Bachelor's,f,other,1,40,3,7,0,0,68,0
777,Casey Johnson,72435,Legal,region_2,Bachelor's,f,other,1,52,3,4,1,1,55,0
778,Jordan Smith,23578,Sales & Marketing,region_7,Bachelor's,m,sourcing,1,60,2,12,0,0,48,0
779,Peyton Davis,41187,Sales & Marketing,region_27,Bachelor's,m,sourcing,6,27,,1,0,0,58,0
780,Jamie Davis,354,Operations,region_22,Bachelor's,m,other,1,32,2,5,1,0,62,0
781,Peyton Smith,58828,HR,region_26,Bachelor's,m,other,1,28,2,2,1,0,52,1
782,Morgan Davis,61780,Sales & Marketing,region_9,Bachelor's,m,sourcing,1,28,1,3,0,0,52,0
783,Jamie Brown,7340,Operations,region_2,Master's & above,f,sourcing,2,51,5,16,1,0,62,0
784,Avery Williams,41693,Sales & Marketing,region_2,Master's & above,m,sourcing,1,33,4,5,0,0,49,0
785,Morgan Davis,28187,Sales & Marketing,region_28,Master's & above,f,other,1,31,3,1,0,0,47,0
786,Quinn Williams,66834,Sales & Marketing,region_28,Bachelor's,m,other,1,26,2,3,0,0,54,0
787,Taylor Rodriguez,60503,Sales & Marketing,region_29,Bachelor's,m,other,1,30,,1,1,0,47,0
788,Avery Smith,8698,Operations,region_13,Bachelor's,f,sourcing,1,29,5,2,1,0,60,0
789,Taylor Brown,17176,Finance,region_6,Bachelor's,m,sourcing,3,31,4,3,0,0,65,0
790,Peyton Garcia,29130,Operations,region_22,Bachelor's,m,sourcing,1,43,2,11,0,0,57,0
791,Peyton Garcia,31275,Sales & Marketing,region_27,Bachelor's,m,sourcing,1,32,1,6,1,0,47,0
792,Casey Jones,27190,Operations,region_7,Bachelor's,m,sourcing,1,33,3,4,0,0,74,1
793,Morgan Johnson,31822,Sales & Marketing,region_31,Bachelor's,m,sourcing,1,30,1,3,0,0,48,0
794,Riley Davis,34642,Sales & Marketing,region_2,,m,sourcing,1,23,,1,0,0,44,0
795,Alex Davis,38439,Procurement,region_2,,f,sourcing,1,28,3,4,0,0,68,0
796,Morgan Johnson,43073,HR,region_2,Master's & above,f,sourcing,1,43,5,11,1,0,51,0
797,Jamie Garcia,58428,Operations,region_2,Bachelor's,m,other,1,44,4,15,0,0,55,0
798,Peyton Smith,64448,Analytics,region_22,Master's & above,f,other,1,33,3,2,0,0,84,0
799,Casey Rodriguez,15747,Sales & Marketing,region_29,Bachelor's,m,other,1,31,2,7,0,0,50,0
800,Riley Garcia,61038,Sales & Marketing,region_5,Master's & above,m,other,1,37,1,10,0,0,48,0
801,Jordan Davis,8229,Technology,region_7,Bachelor's,f,other,2,32,3,6,0,0,79,0
802,Peyton Smith,70844,Technology,region_16,Bachelor's,f,sourcing,1,37,3,11,0,0,79,0
803,Peyton Garcia,26756,Sales & Marketing,region_27,Master's & above,m,sourcing,1,37,3,5,0,0,49,0
804,Casey Brown,49548,Sales & Marketing,region_25,Bachelor's,m,other,1,28,,1,0,0,46,0
805,Alex Martinez,7348,Operations,region_4,Master's & above,m,sourcing,2,35,3,9,0,0,56,0
806,Riley Johnson,26805,Operations,region_32,Bachelor's,m,other,1,36,4,3,1,0,74,1
807,Alex Johnson,73742,Technology,region_7,Bachelor's,m,sourcing,2,39,3,5,1,0,78,0
808,Alex Smith,58616,Operations,region_20,Bachelor's,f,other,1,30,5,5,0,0,56,0
809,Peyton Smith,12976,Operations,region_4,Bachelor's,f,other,1,26,3,5,0,0,60,0
810,Taylor Martinez,32563,Sales & Marketing,region_22,Bachelor's,m,other,1,27,3,3,0,0,51,0
811,Casey Miller,52952,Analytics,region_22,Bachelor's,m,referred,1,32,3,3,1,1,78,1
812,Jamie Garcia,36491,Operations,region_26,Bachelor's,m,other,1,42,3,12,0,0,55,0
813,Avery Martinez,21474,Analytics,region_20,Bachelor's,m,sourcing,1,30,,1,0,0,84,0
814,Quinn Johnson,33441,R&D,region_4,Bachelor's,m,sourcing,1,35,5,7,0,0,89,0
815,Jamie Martinez,26205,Technology,region_27,Bachelor's,m,other,1,28,2,2,0,0,79,0
816,Avery Smith,54395,HR,region_2,Bachelor's,f,sourcing,1,27,5,5,1,0,46,0
817,Riley Williams,645,Operations,region_7,Master's & above,f,sourcing,1,38,3,9,0,0,62,0
818,Casey Rodriguez,68530,Operations,region_9,,m,sourcing,1,27,3,2,0,0,65,0
819,Casey Rodriguez,48281,Operations,region_15,Master's & above,m,sourcing,1,43,2,3,0,0,59,0
820,Avery Rodriguez,22848,Sales & Marketing,region_2,Master's & above,f,sourcing,1,34,5,9,0,0,49,0
821,Jamie Davis,37822,Technology,region_2,Master's & above,m,other,1,38,3,8,0,0,77,0
822,Riley Johnson,41650,Operations,region_27,Bachelor's,f,sourcing,1,25,1,2,0,0,57,0
823,Taylor Miller,604,Technology,region_26,Bachelor's,m,other,1,35,1,6,1,0,77,1
824,Taylor Brown,3290,Sales & Marketing,region_34,Bachelor's,m,sourcing,1,29,1,5,0,0,48,0
825,Casey Martinez,51109,Sales & Marketing,region_26,Bachelor's,m,other,1,40,1,6,0,0,55,0
826,Casey Martinez,4616,Technology,region_27,Bachelor's,f,sourcing,1,35,1,4,1,0,83,0
827,Jordan Rodriguez,16149,Analytics,region_22,Bachelor's,m,other,1,34,3,3,0,0,89,1
828,Quinn Johnson,39486,Procurement,region_2,Bachelor's,f,sourcing,1,37,1,2,0,0,64,0
829,Casey Miller,52062,R&D,region_11,Master's & above,m,sourcing,1,29,3,2,1,0,84,0
830,Peyton Williams,15240,Technology,region_8,Master's & above,m,other,1,39,1,8,0,0,77,0
831,Quinn Williams,44620,Procurement,region_17,Bachelor's,m,sourcing,1,50,3,8,0,0,71,0
832,Avery Brown,36260,HR,region_22,Bachelor's,f,sourcing,1,25,5,2,1,0,47,0
833,Riley Miller,495,Sales & Marketing,region_27,Bachelor's,m,other,1,40,2,10,0,0,49,0
834,Morgan Miller,20877,Sales & Marketing,region_4,Bachelor's,f,other,1,30,3,8,1,0,50,1
835,Jordan Johnson,46802,Procurement,region_20,Bachelor's,f,other,1,33,2,3,1,0,69,1
836,Casey Johnson,57617,Procurement,region_28,Bachelor's,f,other,1,32,3,3,0,0,70,0
837,Jordan Garcia,58022,Technology,region_22,Master's & above,m,sourcing,1,39,2,7,0,0,78,0
838,Morgan Davis,38042,Operations,region_4,Bachelor's,m,other,1,52,4,10,0,0,60,0
839,Peyton Williams,14067,Procurement,region_7,Bachelor's,f,other,1,29,5,4,1,0,72,1
840,Quinn Williams,76377,Operations,region_2,Bachelor's,m,sourcing,1,48,5,17,1,0,58,0
841,Jordan Garcia,61192,Technology,region_16,Bachelor's,m,other,2,38,1,8,1,0,81,0
842,Alex Miller,40611,Sales & Marketing,region_26,Bachelor's,m,other,1,44,3,10,0,0,49,0
843,Alex Jones,44100,Sales & Marketing,region_7,Master's & above,m,sourcing,1,42,5,11,1,0,54,1
844,Quinn Davis,66950,Sales & Marketing,region_2,,m,other,1,29,4,2,0,0,47,0
845,Taylor Jones,396,Procurement,region_4,Master's & above,f,other,1,34,4,7,0,0,70,0
846,Taylor Brown,74313,Sales & Marketing,region_30,Master's & above,m,other,1,39,4,8,0,0,47,0
847,Riley Johnson,21865,Sales & Marketing,region_2,Master's & above,f,sourcing,1,38,2,8,0,0,51,0
848,Alex Williams,3116,Technology,region_33,Bachelor's,m,other,1,47,3,16,0,0,80,0
849,Peyton Brown,3473,Operations,region_16,Bachelor's,m,other,1,29,3,3,0,0,66,0
850,Quinn Jones,35975,Sales & Marketing,region_2,Bachelor's,f,sourcing,1,36,2,7,0,0,50,0
851,Jamie Brown,35722,Technology,region_2,Bachelor's,m,sourcing,1,29,1,6,1,0,77,0
852,Jamie Johnson,47118,HR,region_2,Master's & above,m,other,1,34,3,7,0,0,55,0
853,Taylor Garcia,62522,Sales & Marketing,region_2,Bachelor's,m,sourcing,1,28,,1,0,0,47,0
854,Avery Martinez,53497,Technology,region_26,Bachelor's,m,other,2,27,3,1,0,0,77,0
855,Jordan Williams,77337,HR,region_6,Bachelor's,m,other,1,29,1,3,0,0,51,0
856,Quinn Garcia,31700,Procurement,region_17,Master's & above,f,other,1,36,3,4,0,0,81,1
857,Jordan Johnson,22486,Sales & Marketing,region_14,Bachelor's,f,sourcing,1,29,4,3,0,0,52,0
858,Riley Jones,74603,Analytics,region_22,Bachelor's,m,sourcing,2,28,,1,1,0,89,0
859,Alex Williams,2367,Analytics,region_13,Bachelor's,m,other,1,26,3,4,0,0,85,0
860,Quinn Davis,31495,Procurement,region_2,Below Secondary,f,other,3,22,,1,0,0,66,0
861,Taylor Miller,61087,Analytics,region_15,Master's & above,m,other,3,35,5,3,0,0,86,0
862,Quinn Johnson,21568,Technology,region_2,Bachelor's,f,referred,1,49,5,6,0,0,80,0
863,Avery Jones,12721,Technology,region_22,Bachelor's,m,sourcing,1,33,5,2,1,0,79,0
864,Morgan Garcia,47809,Sales & Marketing,region_2,Bachelor's,m,referred,1,30,,1,1,0,50,0
865,Peyton Garcia,63126,Operations,region_22,Master's & above,m,other,1,43,4,3,0,0,59,0
866,Riley Miller,53147,Sales & Marketing,region_4,Bachelor's,m,other,1,44,4,12,0,0,50,0
867,Peyton Brown,8926,Sales & Marketing,region_31,,m,sourcing,1,25,4,3,0,0,47,0
868,Jamie Miller,35744,Sales & Marketing,region_28,,m,other,1,25,4,3,1,0,64,1
869,Casey Smith,49438,Sales & Marketing,region_2,Bachelor's,m,other,3,53,3,12,0,0,50,0
870,Peyton Rodriguez,58990,Operations,region_26,Master's & above,m,other,1,36,3,9,0,0,62,0
871,Jamie Williams,8245,Procurement,region_7,Master's & above,f,sourcing,2,50,5,13,1,0,69,0
872,Morgan Jones,73359,Sales & Marketing,region_11,Bachelor's,m,sourcing,1,31,4,4,1,0,48,0
873,Alex Davis,33382,Sales & Marketing,region_22,Bachelor's,m,other,2,36,1,4,0,0,49,0
874,Riley Brown,63931,Sales & Marketing,region_22,Bachelor's,m,sourcing,1,24,1,2,0,0,48,0
875,Avery Martinez,71831,R&D,region_4,Master's & above,m,other,1,32,5,5,1,0,78,0
876,Jordan Garcia,70222,Sales & Marketing,region_2,Bachelor's,f,sourcing,1,51,1,13,0,0,51,0
877,Quinn Martinez,34877,Analytics,region_29,Bachelor's,m,sourcing,1,29,5,3,1,0,87,0
878,Peyton Smith,25881,Finance,region_4,Bachelor's,m,sourcing,1,29,,1,1,0,55,0
879,Morgan Brown,24309,Legal,region_2,Bachelor's,f,other,1,32,,1,0,0,63,0
880,Riley Smith,54981,Operations,region_15,Bachelor's,f,other,2,42,5,5,1,0,61,1
881,Peyton Garcia,63754,Analytics,region_31,,m,other,1,26,5,2,1,0,87,0
882,Taylor Rodriguez,45323,Procurement,region_21,Bachelor's,m,sourcing,3,43,5,2,0,0,70,0
883,Morgan Jones,51739,Analytics,region_22,Bachelor's,m,other,1,31,3,4,0,0,85,0
884,Morgan Smith,30028,Procurement,region_2,Bachelor's,f,other,1,46,1,5,0,0,68,0
885,Alex Davis,47808,Sales & Marketing,region_4,Bachelor's,m,other,1,38,4,6,0,0,46,0
886,Riley Garcia,65957,Sales & Marketing,region_7,Bachelor's,m,sourcing,2,33,4,7,0,0,51,0
887,Taylor Johnson,70386,Operations,region_17,Bachelor's,m,sourcing,1,33,5,3,1,0,63,0
888,Jamie Rodriguez,53048,Analytics,region_31,,m,other,1,27,,1,0,0,91,0
889,Morgan Brown,27292,Analytics,region_2,Bachelor's,f,other,1,30,4,5,0,0,91,0
890,Quinn Smith,4733,Technology,region_16,Bachelor's,f,other,2,28,3,3,0,0,82,0
891,Avery Williams,12469,Procurement,region_15,Bachelor's,m,other,1,44,5,5,1,0,72,0
892,Casey Jones,21782,Operations,region_14,Bachelor's,m,other,2,37,3,3,0,0,61,0
893,Morgan Jones,31205,Operations,region_2,,f,sourcing,1,37,3,9,0,0,61,0
894,Alex Smith,15463,Technology,region_2,Bachelor's,f,sourcing,1,50,3,23,1,0,80,0
895,Jordan Martinez,43446,Technology,region_17,Bachelor's,m,other,1,36,4,5,1,0,78,1
896,Taylor Jones,47275,Sales & Marketing,region_18,Bachelor's,m,other,1,28,3,2,0,0,47,0
897,Jamie Davis,33152,Analytics,region_7,Bachelor's,m,other,3,28,5,5,1,0,80,0
898,Jamie Rodriguez,76654,Finance,region_22,Bachelor's,f,other,1,28,5,5,1,0,57,0
899,Jamie Rodriguez,35011,Sales & Marketing,region_22,Bachelor's,m,sourcing,1,27,,1,0,0,47,0
900,Avery Davis,7977,Legal,region_2,Bachelor's,m,sourcing,1,30,,1,0,0,63,0
901,Jamie Miller,66052,Operations,region_7,Bachelor's,f,other,2,43,4,5,1,0,62,0
902,Casey Brown,34124,Technology,region_13,Bachelor's,m,other,1,49,3,16,0,0,78,0
903,Avery Brown,77800,Sales & Marketing,region_29,Bachelor's,m,sourcing,1,35,3,10,0,0,49,0
904,Jamie Martinez,66596,Sales & Marketing,region_25,,m,other,1,26,,1,0,0,51,0
905,Avery Davis,62981,Sales & Marketing,region_30,Bachelor's,m,other,1,33,3,8,0,0,48,0
906,Jamie Jones,77405,Operations,region_7,Master's & above,m,sourcing,1,35,5,9,1,0,65,0
907,Alex Miller,22628,Technology,region_16,Master's & above,f,other,1,39,3,10,0,0,81,0
908,Riley Garcia,72780,Technology,region_7,Master's & above,m,other,1,34,4,3,1,0,81,0
909,Morgan Garcia,24725,Analytics,region_15,Bachelor's,m,sourcing,1,36,5,5,0,0,79,0
910,Jamie Smith,71493,Technology,region_2,Bachelor's,m,sourcing,2,44,5,7,1,0,78,0
911,Avery Miller,47127,Analytics,region_34,Bachelor's,m,other,1,29,3,3,0,0,87,0
912,Quinn Martinez,22514,Sales & Marketing,region_13,Master's & above,m,sourcing,1,47,5,11,1,0,50,0
913,Jamie Johnson,33769,Technology,region_4,Bachelor's,m,other,1,30,5,3,1,0,77,1
914,Alex Martinez,8865,Sales & Marketing,region_4,Bachelor's,m,other,1,40,3,4,0,0,52,0
915,Riley Davis,47490,Operations,region_7,Master's & above,f,sourcing,1,47,3,20,0,0,63,0
916,Alex Davis,28656,Sales & Marketing,region_31,Bachelor's,m,sourcing,2,27,4,4,0,0,48,0
917,Peyton Brown,42189,Operations,region_7,Bachelor's,f,other,1,46,3,8,0,0,57,0
918,Alex Smith,27247,Sales & Marketing,region_2,Bachelor's,m,sourcing,1,55,5,5,1,0,53,0
919,Jordan Jones,59148,Sales & Marketing,region_17,Bachelor's,m,other,1,40,1,10,0,0,48,0
920,Morgan Rodriguez,49815,Sales & Marketing,region_7,,m,other,1,40,3,4,0,0,52,0
921,Quinn Johnson,14961,Technology,region_13,Bachelor's,m,sourcing,1,28,3,5,0,0,77,0
922,Jamie Garcia,64194,Procurement,region_2,Bachelor's,f,other,1,40,5,11,1,0,73,0
923,Peyton Smith,8828,Analytics,region_7,Bachelor's,m,other,2,32,3,7,1,0,85,0
924,Peyton Rodriguez,75820,Sales & Marketing,region_10,Master's & above,m,other,1,53,3,14,1,0,51,0
925,Peyton Jones,64730,Sales & Marketing,region_29,Bachelor's,m,other,1,33,1,4,0,0,50,0
926,Peyton Brown,18409,Analytics,region_28,Bachelor's,m,sourcing,3,28,,1,1,0,78,0
927,Jamie Garcia,60659,Sales & Marketing,region_22,Bachelor's,m,sourcing,1,45,4,12,0,0,47,0
928,Taylor Garcia,18637,Operations,region_13,Bachelor's,f,other,2,30,3,5,1,0,53,0
929,Jordan Garcia,29215,Sales & Marketing,region_13,Bachelor's,m,other,1,32,5,8,1,0,51,0
930,Jamie Johnson,20766,Analytics,region_7,Bachelor's,m,sourcing,2,32,3,6,0,0,84,0
931,Peyton Miller,26801,Technology,region_14,Bachelor's,f,other,1,41,3,5,0,0,75,0
932,Jordan Smith,35433,Procurement,region_2,Bachelor's,f,other,1,46,4,16,1,0,74,0
933,Riley Garcia,36420,Procurement,region_22,Bachelor's,m,sourcing,1,28,,1,1,0,72,0
934,Avery Rodriguez,15756,Analytics,region_2,Bachelor's,m,sourcing,1,39,4,9,0,0,81,0
935,Morgan Smith,45663,Operations,region_4,Master's & above,m,other,1,37,3,4,1,0,56,0
936,Quinn Miller,28674,Procurement,region_15,Master's & above,m,other,1,37,3,7,0,0,70,0
937,Morgan Williams,58227,Sales & Marketing,region_22,Bachelor's,m,sourcing,1,36,4,4,1,0,54,0
938,Peyton Smith,31260,Technology,region_13,Master's & above,m,other,1,53,4,17,0,0,81,0
939,Alex Smith,72069,Technology,region_26,Bachelor's,m,sourcing,1,30,1,3,0,0,77,0
940,Jordan Garcia,27470,Legal,region_34,Bachelor's,m,other,1,27,3,3,0,0,63,0
941,Quinn Williams,6751,Sales & Marketing,region_28,Master's & above,m,other,1,36,3,2,1,0,45,1
942,Riley Martinez,9055,Operations,region_2,Bachelor's,f,other,1,47,3,17,0,0,55,0
943,Jamie Rodriguez,63769,Operations,region_23,Master's & above,f,other,1,41,5,13,1,0,62,0
944,Jordan Jones,64022,Operations,region_22,Below Secondary,m,other,1,25,3,3,0,0,55,0
945,Quinn Davis,25561,Technology,region_14,Master's & above,f,sourcing,1,34,3,8,0,0,78,0
946,Jamie Garcia,5153,Analytics,region_29,Bachelor's,m,sourcing,1,33,1,2,0,0,87,0
947,Morgan Martinez,72086,Analytics,region_31,Bachelor's,m,other,4,37,3,12,1,0,83,0
948,Peyton Jones,54208,Sales & Marketing,region_15,,m,other,1,36,4,4,0,0,51,0
949,Jamie Jones,47102,Operations,region_29,Bachelor's,m,other,1,40,4,5,1,0,54,0
950,Taylor Miller,38355,Operations,region_7,Bachelor's,m,other,1,46,4,5,0,0,62,0
951,Casey Johnson,73959,HR,region_2,Below Secondary,f,sourcing,1,20,,1,0,0,47,0
952,Morgan Miller,66032,Analytics,region_2,Bachelor's,m,other,2,37,3,3,0,0,82,0
953,Avery Jones,63455,Finance,region_15,Master's & above,m,other,1,35,3,4,0,0,63,0
954,Peyton Brown,36293,Technology,region_26,Master's & above,m,sourcing,1,39,5,5,0,0,77,0
955,Jordan Brown,44592,R&D,region_2,Bachelor's,m,sourcing,1,35,3,7,0,0,86,0
956,Morgan Garcia,77608,Operations,region_1,Bachelor's,f,sourcing,1,36,5,8,1,0,53,0
957,Jordan Johnson,46849,Sales & Marketing,region_3,Bachelor's,m,other,1,32,5,5,1,0,47,1
958,Taylor Jones,59614,Sales & Marketing,region_25,Bachelor's,m,other,1,27,,1,1,0,53,0
959,Taylor Williams,34529,Technology,region_13,Bachelor's,m,other,1,26,4,2,1,0,78,0
960,Riley Martinez,6428,Sales & Marketing,region_13,Bachelor's,m,sourcing,1,32,1,5,0,0,50,0
961,Taylor Johnson,51366,Analytics,region_30,Bachelor's,m,other,1,26,5,2,0,0,82,0
962,Jamie Smith,61405,Technology,region_2,Master's & above,m,other,1,41,5,7,0,0,75,0
963,Taylor Martinez,12122,HR,region_32,Bachelor's,f,sourcing,1,29,3,5,0,0,50,0
964,Peyton Miller,16458,Operations,region_4,Bachelor's,f,sourcing,1,39,5,9,1,0,61,1
965,Quinn Miller,986,Technology,region_26,Bachelor's,f,sourcing,1,26,,1,0,0,79,0
966,Avery Davis,60410,Technology,region_15,Bachelor's,f,other,1,31,3,5,0,0,82,0
967,Alex Martinez,63152,Operations,region_27,Bachelor's,f,other,2,29,5,5,1,0,58,0
968,Quinn Davis,75043,Operations,region_34,Bachelor's,m,other,1,31,3,6,0,0,58,0
969,Taylor Brown,30185,Sales & Marketing,region_30,Master's & above,m,other,3,44,1,7,0,0,40,0
970,Taylor Garcia,45724,Technology,region_2,Master's & above,f,sourcing,1,39,3,9,0,0,78,0
971,Avery Garcia,37445,Sales & Marketing,region_31,Master's & above,m,sourcing,1,51,3,12,0,0,47,0
972,Alex Davis,54561,Sales & Marketing,region_15,Bachelor's,m,sourcing,1,34,5,10,0,0,51,0
973,Quinn Miller,62703,Procurement,region_2,Bachelor's,m,other,6,28,3,3,0,0,71,0
974,Casey Garcia,42648,Analytics,region_29,Bachelor's,m,sourcing,1,30,3,2,0,0,81,0
975,Morgan Garcia,710,Analytics,region_22,Bachelor's,m,other,1,28,,1,1,0,86,1
976,Peyton Martinez,27439,Sales & Marketing,region_22,Bachelor's,m,sourcing,1,28,3,2,0,0,52,0
977,Peyton Martinez,44281,Sales & Marketing,region_5,Bachelor's,m,sourcing,1,35,4,5,0,0,46,0
978,Riley Martinez,74186,Sales & Marketing,region_7,Bachelor's,m,sourcing,1,42,2,7,0,0,45,0
979,Peyton Martinez,1060,Operations,region_2,Bachelor's,m,sourcing,1,57,3,14,0,0,61,0
980,Riley Davis,67881,Operations,region_22,Bachelor's,m,sourcing,1,27,1,4,0,0,59,0
981,Alex Martinez,26623,Procurement,region_2,Bachelor's,f,sourcing,3,39,3,10,0,0,73,0
982,Morgan Brown,28831,Technology,region_31,Bachelor's,f,sourcing,1,36,3,7,0,0,79,0
983,Jamie Davis,63028,Sales & Marketing,region_7,Master's & above,m,sourcing,1,42,3,2,0,0,49,0
984,Jordan Brown,56269,Sales & Marketing,region_26,Bachelor's,m,sourcing,1,39,3,5,0,0,51,0
985,Avery Martinez,50281,Finance,region_2,Bachelor's,f,sourcing,1,52,5,8,0,0,59,0
986,Peyton Johnson,26129,Sales & Marketing,region_22,Bachelor's,m,referred,1,29,3,2,1,0,55,1
987,Jordan Brown,56744,Procurement,region_2,Bachelor's,m,sourcing,2,31,4,7,1,0,67,0
988,Quinn Smith,20115,Operations,region_2,Bachelor's,f,other,1,52,4,4,0,0,60,0
989,Avery Johnson,66872,Sales & Marketing,region_7,Bachelor's,m,sourcing,1,39,4,7,1,0,50,0
990,Morgan Smith,10420,Operations,region_22,Bachelor's,f,other,1,31,3,2,0,0,58,0
991,Jordan Johnson,9376,Sales & Marketing,region_13,Bachelor's,f,sourcing,1,36,3,13,0,0,52,0
992,Alex Miller,9644,Sales & Marketing,region_32,Bachelor's,m,sourcing,1,30,3,5,0,0,46,0
993,Morgan Smith,6104,Operations,region_22,Bachelor's,m,sourcing,1,27,5,4,0,0,68,1
994,Casey Jones,12,Technology,region_31,Bachelor's,m,other,1,24,3,2,1,0,77,0
995,Jordan Miller,34428,Technology,region_7,Master's & above,f,other,1,41,4,8,1,1,93,1
996,Quinn Rodriguez,15349,Procurement,region_2,Bachelor's,f,other,1,50,3,4,0,0,69,0
997,Peyton Rodriguez,64999,Sales & Marketing,region_2,Bachelor's,m,other,3,45,3,16,0,0,51,0
998,Jamie Williams,77686,Sales & Marketing,region_15,Bachelor's,m,other,1,45,5,7,0,0,49,0
999,Avery Jones,54502,Operations,region_23,Bachelor's,m,other,1,32,4,7,0,0,54,0
1000,Jamie Williams,44396,Procurement,region_2,Master's & above,m,sourcing,2,46,3,13,1,0,75,0